hip,iau_name_en,name_ko,traditional_ko,aliases_ko,note,source,confidence,needs_review
677,Alpheratz,알페라츠,,,안드로메다자리 α,IAU WGSN | https://www.pas.rochester.edu/~emamajek/WGSN/IAU-CSN.txt | https://raw.githubusercontent.com/Stellarium/stellarium/master/po/stellarium-sky/ko.po,medium,false
746,Caph,카프,왕랑(王良),,카시오페이아자리 β,IAU WGSN | https://www.pas.rochester.edu/~emamajek/WGSN/IAU-CSN.txt | https://raw.githubusercontent.com/Stellarium/stellarium/master/po/stellarium-sky/ko.po | https://raw.githubusercontent.com/Stellarium/stellarium/master/skycultures/korean/index.json,medium,false
1067,Algenib,알게니브,,,페가수스자리 γ,IAU WGSN | https://www.pas.rochester.edu/~emamajek/WGSN/IAU-CSN.txt | https://raw.githubusercontent.com/Stellarium/stellarium/master/po/stellarium-sky/ko.po,medium,false
2081,Ankaa,안카,,,현대 식별: α Phe. 2022-04-04 IAU-CSN의 V=2.40 기준 밝은 별. 고유명 적용 성분과 HIP 관측 레코드의 단위가 다를 수 있음. 한국어는 Stellarium 번역 용례이며 학회 표준 음역이라고 단정하지 않음.,https://www.pas.rochester.edu/~emamajek/WGSN/IAU-CSN.txt | https://raw.githubusercontent.com/Stellarium/stellarium/master/po/stellarium-sky/ko.po,medium,false
3179,Schedar,셰다르,천사(天駟)의 구성별,,카시오페이아자리 α,IAU WGSN | https://www.pas.rochester.edu/~emamajek/WGSN/IAU-CSN.txt | https://raw.githubusercontent.com/Stellarium/stellarium/master/skycultures/korean/index.json,low,true
3419,Diphda,디프다,,,고래자리 β,IAU WGSN | https://www.pas.rochester.edu/~emamajek/WGSN/IAU-CSN.txt | https://raw.githubusercontent.com/Stellarium/stellarium/master/po/stellarium-sky/ko.po,medium,false
3821,Achird,아키르드,천사(天駟)의 구성별,,현대 식별: η Cas A. 2022-04-04 IAU-CSN의 V=3.46 기준 밝은 별. 고유명 적용 성분과 HIP 관측 레코드의 단위가 다를 수 있음. 한국어는 Stellarium 번역 용례이며 학회 표준 음역이라고 단정하지 않음. 전통 대응은 Stellarium korean 재구성에 한정; 성군 구성별 표시는 개별 고유명이 아님. 이 필드를 전통 성군의 유일 ID 또는 독점 검색 별칭으로 사용하지 않는다.,https://www.pas.rochester.edu/~emamajek/WGSN/IAU-CSN.txt | https://raw.githubusercontent.com/Stellarium/stellarium/master/po/stellarium-sky/ko.po | https://raw.githubusercontent.com/Stellarium/stellarium/master/skycultures/korean/index.json,medium,false
4427,Tiansi,,천사(天駟)의 구성별,,현대 식별: γ Cas Aa. 2026-02 IAU 공지에서 신규 이름·HIP 대조. 고유명 적용 성분과 HIP 관측 레코드의 단위가 다를 수 있음. 확인한 한국어 통용 표기가 없어 name_ko를 비움. 전통 대응은 Stellarium korean 재구성에 한정; 성군 구성별 표시는 개별 고유명이 아님. 2025-11-12 채택된 γ Cas Aa의 이름. Navi는 이 표의 IAU 공식명으로 채택하지 않음. 이 필드를 전통 성군의 유일 ID 또는 독점 검색 별칭으로 사용하지 않는다.,https://www.iau.org/IAU/IAU/News/Ann2026/New-Star-Names-2026.aspx | https://raw.githubusercontent.com/Stellarium/stellarium/master/skycultures/korean/index.json,low,true
5447,Mirach,미라크,대장(大將),,안드로메다자리 β,IAU WGSN | https://www.pas.rochester.edu/~emamajek/WGSN/IAU-CSN.txt | https://raw.githubusercontent.com/Stellarium/stellarium/master/po/stellarium-sky/ko.po | https://raw.githubusercontent.com/Stellarium/stellarium/master/skycultures/korean/index.json,medium,false
6686,Ruchbah,루크바,,,카시오페이아자리 δ,IAU WGSN | https://www.pas.rochester.edu/~emamajek/WGSN/IAU-CSN.txt | https://raw.githubusercontent.com/Stellarium/stellarium/master/po/stellarium-sky/ko.po,medium,false
7588,Achernar,아케르나르,,,에리다누스자리 α · 대전에서 안 보임,IAU WGSN | https://www.pas.rochester.edu/~emamajek/WGSN/IAU-CSN.txt | https://raw.githubusercontent.com/Stellarium/stellarium/master/po/stellarium-sky/ko.po,medium,false
8796,Mothallah,모탈라흐,군남문(軍南門),,현대 식별: α Tri. 2022-04-04 IAU-CSN의 V=3.42 기준 밝은 별. 고유명 적용 성분과 HIP 관측 레코드의 단위가 다를 수 있음. 한국어는 Stellarium 번역 용례이며 학회 표준 음역이라고 단정하지 않음. 전통 대응은 Stellarium korean 재구성에 한정; 성군 구성별 표시는 개별 고유명이 아님. 이 필드를 전통 성군의 유일 ID 또는 독점 검색 별칭으로 사용하지 않는다.,https://www.pas.rochester.edu/~emamajek/WGSN/IAU-CSN.txt | https://raw.githubusercontent.com/Stellarium/stellarium/master/po/stellarium-sky/ko.po | https://raw.githubusercontent.com/Stellarium/stellarium/master/skycultures/korean/index.json,medium,false
8886,Segin,세긴,,,현대 식별: ε Cas. 2022-04-04 IAU-CSN의 V=3.35 기준 밝은 별. 고유명 적용 성분과 HIP 관측 레코드의 단위가 다를 수 있음. 한국어는 Stellarium 번역 용례이며 학회 표준 음역이라고 단정하지 않음.,https://www.pas.rochester.edu/~emamajek/WGSN/IAU-CSN.txt | https://raw.githubusercontent.com/Stellarium/stellarium/master/po/stellarium-sky/ko.po,medium,false
8903,Sheratan,셰라탄,,,양자리 β,IAU WGSN | https://www.pas.rochester.edu/~emamajek/WGSN/IAU-CSN.txt | https://raw.githubusercontent.com/Stellarium/stellarium/master/po/stellarium-sky/ko.po,medium,false
9487,Alrescha,알레샤,,,물고기자리 α,IAU WGSN,high,true
9640,Almach,알마크,대장(大將),,안드로메다자리 γ · 이중성,IAU WGSN | https://www.pas.rochester.edu/~emamajek/WGSN/IAU-CSN.txt | https://raw.githubusercontent.com/Stellarium/stellarium/master/po/stellarium-sky/ko.po | https://raw.githubusercontent.com/Stellarium/stellarium/master/skycultures/korean/index.json,medium,false
9884,Hamal,하말,,,양자리 α,IAU WGSN | https://www.pas.rochester.edu/~emamajek/WGSN/IAU-CSN.txt | https://raw.githubusercontent.com/Stellarium/stellarium/master/po/stellarium-sky/ko.po,medium,false
10064,Alaybasan,,,,현대 식별: β Tri. 2026-02 IAU 공지에서 신규 이름·HIP 대조. 고유명 적용 성분과 HIP 관측 레코드의 단위가 다를 수 있음. 확인한 한국어 통용 표기가 없어 name_ko를 비움.,https://www.iau.org/IAU/IAU/News/Ann2026/New-Star-Names-2026.aspx,low,true
10826,Mira,미라,,,고래자리 ο · 장주기 변광성,IAU WGSN | https://www.pas.rochester.edu/~emamajek/WGSN/IAU-CSN.txt | https://raw.githubusercontent.com/Stellarium/stellarium/master/po/stellarium-sky/ko.po,medium,false
11767,Polaris,폴라리스,북극성,,작은곰자리 α,IAU WGSN; 위키백과 ko | https://www.pas.rochester.edu/~emamajek/WGSN/IAU-CSN.txt | https://raw.githubusercontent.com/Stellarium/stellarium/master/po/stellarium-sky/ko.po | https://raw.githubusercontent.com/Stellarium/stellarium/master/skycultures/korean/index.json | https://ko.wikipedia.org/wiki/북극성,medium,false
13847,Acamar,아카마,,,현대 식별: θ1 Eri A. 2022-04-04 IAU-CSN의 V=2.88 기준 밝은 별. 고유명 적용 성분과 HIP 관측 레코드의 단위가 다를 수 있음. 한국어는 Stellarium 번역 용례이며 학회 표준 음역이라고 단정하지 않음.,https://www.pas.rochester.edu/~emamajek/WGSN/IAU-CSN.txt | https://raw.githubusercontent.com/Stellarium/stellarium/master/po/stellarium-sky/ko.po,medium,false
14135,Menkar,멘카르,,,고래자리 α,IAU WGSN | https://www.pas.rochester.edu/~emamajek/WGSN/IAU-CSN.txt | https://raw.githubusercontent.com/Stellarium/stellarium/master/po/stellarium-sky/ko.po,medium,false
14576,Algol,알골,,,페르세우스자리 β · 식변광성,IAU WGSN | https://www.pas.rochester.edu/~emamajek/WGSN/IAU-CSN.txt | https://raw.githubusercontent.com/Stellarium/stellarium/master/po/stellarium-sky/ko.po,medium,false
15863,Mirfak,미르파크,,미르팍,페르세우스자리 α,IAU WGSN | https://www.pas.rochester.edu/~emamajek/WGSN/IAU-CSN.txt | https://raw.githubusercontent.com/Stellarium/stellarium/master/po/stellarium-sky/ko.po,medium,false
16537,Ran,란,,,에리다누스자리 ε,IAU WGSN,high,true
17358,Sarvvis,,,,현대 식별: δ Per. 2026-02 IAU 공지에서 신규 이름·HIP 대조. 고유명 적용 성분과 HIP 관측 레코드의 단위가 다를 수 있음. 확인한 한국어 통용 표기가 없어 name_ko를 비움.,https://www.iau.org/IAU/IAU/News/Ann2026/New-Star-Names-2026.aspx,low,true
17489,Celaeno,켈라에노,묘수(昴宿)의 구성별,,현대 식별: 16 Tau. 유명 별 추가; 기준 목록 V=5.45. 고유명 적용 성분과 HIP 관측 레코드의 단위가 다를 수 있음. 한국어는 Stellarium 번역 용례이며 학회 표준 음역이라고 단정하지 않음. 전통 대응은 Stellarium korean 재구성에 한정; 성군 구성별 표시는 개별 고유명이 아님. 이 필드를 전통 성군의 유일 ID 또는 독점 검색 별칭으로 사용하지 않는다.,https://www.pas.rochester.edu/~emamajek/WGSN/IAU-CSN.txt | https://raw.githubusercontent.com/Stellarium/stellarium/master/po/stellarium-sky/ko.po | https://raw.githubusercontent.com/Stellarium/stellarium/master/skycultures/korean/index.json,medium,false
17499,Electra,엘렉트라,묘수(昴宿)의 구성별,,현대 식별: 17 Tau. 유명 별 추가; 기준 목록 V=3.72. 고유명 적용 성분과 HIP 관측 레코드의 단위가 다를 수 있음. 한국어는 Stellarium 번역 용례이며 학회 표준 음역이라고 단정하지 않음. 전통 대응은 Stellarium korean 재구성에 한정; 성군 구성별 표시는 개별 고유명이 아님. 이 필드를 전통 성군의 유일 ID 또는 독점 검색 별칭으로 사용하지 않는다.,https://www.pas.rochester.edu/~emamajek/WGSN/IAU-CSN.txt | https://raw.githubusercontent.com/Stellarium/stellarium/master/po/stellarium-sky/ko.po | https://raw.githubusercontent.com/Stellarium/stellarium/master/skycultures/korean/index.json,medium,false
17531,Taygeta,타이게타,묘수(昴宿)의 구성별,,현대 식별: 19 Tau. 유명 별 추가; 기준 목록 V=4.30. 고유명 적용 성분과 HIP 관측 레코드의 단위가 다를 수 있음. 한국어는 Stellarium 번역 용례이며 학회 표준 음역이라고 단정하지 않음. 전통 대응은 Stellarium korean 재구성에 한정; 성군 구성별 표시는 개별 고유명이 아님. 이 필드를 전통 성군의 유일 ID 또는 독점 검색 별칭으로 사용하지 않는다.,https://www.pas.rochester.edu/~emamajek/WGSN/IAU-CSN.txt | https://raw.githubusercontent.com/Stellarium/stellarium/master/po/stellarium-sky/ko.po | https://raw.githubusercontent.com/Stellarium/stellarium/master/skycultures/korean/index.json,medium,false
17573,Maia,마이아,묘수(昴宿)의 구성별,,현대 식별: 20 Tau. 유명 별 추가; 기준 목록 V=3.87. 고유명 적용 성분과 HIP 관측 레코드의 단위가 다를 수 있음. 한국어는 Stellarium 번역 용례이며 학회 표준 음역이라고 단정하지 않음. 전통 대응은 Stellarium korean 재구성에 한정; 성군 구성별 표시는 개별 고유명이 아님. 이 필드를 전통 성군의 유일 ID 또는 독점 검색 별칭으로 사용하지 않는다.,https://www.pas.rochester.edu/~emamajek/WGSN/IAU-CSN.txt | https://raw.githubusercontent.com/Stellarium/stellarium/master/po/stellarium-sky/ko.po | https://raw.githubusercontent.com/Stellarium/stellarium/master/skycultures/korean/index.json,medium,false
17579,Asterope,아스테로페,,,현대 식별: 21 Tau A. 유명 별 추가; 기준 목록 V=5.76. 고유명 적용 성분과 HIP 관측 레코드의 단위가 다를 수 있음. 한국어는 Stellarium 번역 용례이며 학회 표준 음역이라고 단정하지 않음.,https://www.pas.rochester.edu/~emamajek/WGSN/IAU-CSN.txt | https://raw.githubusercontent.com/Stellarium/stellarium/master/po/stellarium-sky/ko.po,medium,false
17608,Merope,메로페,묘수(昴宿)의 구성별,,현대 식별: 23 Tau. 유명 별 추가; 기준 목록 V=4.14. 고유명 적용 성분과 HIP 관측 레코드의 단위가 다를 수 있음. 한국어는 Stellarium 번역 용례이며 학회 표준 음역이라고 단정하지 않음. 전통 대응은 Stellarium korean 재구성에 한정; 성군 구성별 표시는 개별 고유명이 아님. 이 필드를 전통 성군의 유일 ID 또는 독점 검색 별칭으로 사용하지 않는다.,https://www.pas.rochester.edu/~emamajek/WGSN/IAU-CSN.txt | https://raw.githubusercontent.com/Stellarium/stellarium/master/po/stellarium-sky/ko.po | https://raw.githubusercontent.com/Stellarium/stellarium/master/skycultures/korean/index.json,medium,false
17702,Alcyone,알키오네,묘수(昴宿)의 구성별,,플레이아데스(좀생이별)의 가장 밝은 별,IAU WGSN | https://www.pas.rochester.edu/~emamajek/WGSN/IAU-CSN.txt | https://raw.githubusercontent.com/Stellarium/stellarium/master/po/stellarium-sky/ko.po | https://raw.githubusercontent.com/Stellarium/stellarium/master/skycultures/korean/index.json,medium,false
17847,Atlas,아틀라스,묘수(昴宿)의 구성별,,현대 식별: 27 Tau Aa1. 유명 별 추가; 기준 목록 V=3.62. 고유명 적용 성분과 HIP 관측 레코드의 단위가 다를 수 있음. 한국어는 Stellarium 번역 용례이며 학회 표준 음역이라고 단정하지 않음. 전통 대응은 Stellarium korean 재구성에 한정; 성군 구성별 표시는 개별 고유명이 아님. 이 필드를 전통 성군의 유일 ID 또는 독점 검색 별칭으로 사용하지 않는다.,https://www.pas.rochester.edu/~emamajek/WGSN/IAU-CSN.txt | https://raw.githubusercontent.com/Stellarium/stellarium/master/po/stellarium-sky/ko.po | https://raw.githubusercontent.com/Stellarium/stellarium/master/skycultures/korean/index.json,medium,false
17851,Pleione,플레이오네,,,현대 식별: 28 Tau. 유명 별 추가; 기준 목록 V=5.05. 고유명 적용 성분과 HIP 관측 레코드의 단위가 다를 수 있음. 한국어는 Stellarium 번역 용례이며 학회 표준 음역이라고 단정하지 않음.,https://www.pas.rochester.edu/~emamajek/WGSN/IAU-CSN.txt | https://raw.githubusercontent.com/Stellarium/stellarium/master/po/stellarium-sky/ko.po,medium,false
18532,Áldu,,,,현대 식별: ε Per. 2026-02 IAU 공지에서 신규 이름·HIP 대조. 고유명 적용 성분과 HIP 관측 레코드의 단위가 다를 수 있음. 확인한 한국어 통용 표기가 없어 name_ko를 비움.,https://www.iau.org/IAU/IAU/News/Ann2026/New-Star-Names-2026.aspx,low,true
18543,Zaurak,자우라크,,자우락,에리다누스자리 γ,IAU WGSN | https://www.pas.rochester.edu/~emamajek/WGSN/IAU-CSN.txt | https://raw.githubusercontent.com/Stellarium/stellarium/master/po/stellarium-sky/ko.po,medium,false
18724,Bibing,,,,현대 식별: λ Tau primary. 2026 ASE 승인 설명 확인; 자료의 V 약 3.41. HIP 교차표는 보조 출처이므로 병합 전 SIMBAD 재대조 권장. 고유명 적용 성분과 HIP 관측 레코드의 단위가 다를 수 있음. 확인한 한국어 통용 표기가 없어 name_ko를 비움.,https://ase.exopla.net/index.php/Bibing | https://raw.githubusercontent.com/cyschneck/iau-star-names/main/iau_proper_stars.csv,low,true
19780,Rhombus,,,,현대 식별: α Ret. 2026-02 IAU 공지에서 신규 이름·HIP 대조. 고유명 적용 성분과 HIP 관측 레코드의 단위가 다를 수 있음. 확인한 한국어 통용 표기가 없어 name_ko를 비움.,https://www.iau.org/IAU/IAU/News/Ann2026/New-Star-Names-2026.aspx,low,true
20889,Ain,아인,,,황소자리 ε,IAU WGSN | https://www.pas.rochester.edu/~emamajek/WGSN/IAU-CSN.txt | https://raw.githubusercontent.com/Stellarium/stellarium/master/po/stellarium-sky/ko.po,medium,false
21421,Aldebaran,알데바란,천고(天高),,황소자리 α,IAU WGSN | https://www.pas.rochester.edu/~emamajek/WGSN/IAU-CSN.txt | https://raw.githubusercontent.com/Stellarium/stellarium/master/po/stellarium-sky/ko.po | https://raw.githubusercontent.com/Stellarium/stellarium/master/skycultures/korean/index.json,medium,false
22449,Tabit,타비트,,,현대 식별: π3 Ori. 2022-04-04 IAU-CSN의 V=3.19 기준 밝은 별. 고유명 적용 성분과 HIP 관측 레코드의 단위가 다를 수 있음. 한국어는 Stellarium 번역 용례이며 학회 표준 음역이라고 단정하지 않음.,https://www.pas.rochester.edu/~emamajek/WGSN/IAU-CSN.txt | https://raw.githubusercontent.com/Stellarium/stellarium/master/po/stellarium-sky/ko.po,medium,false
23015,Hassaleh,하살레흐,경(卿),,현대 식별: ι Aur. 2022-04-04 IAU-CSN의 V=2.69 기준 밝은 별. 고유명 적용 성분과 HIP 관측 레코드의 단위가 다를 수 있음. 한국어는 Stellarium 번역 용례이며 학회 표준 음역이라고 단정하지 않음. 전통 대응은 Stellarium korean 재구성에 한정; 성군 구성별 표시는 개별 고유명이 아님. 이 필드를 전통 성군의 유일 ID 또는 독점 검색 별칭으로 사용하지 않는다.,https://www.pas.rochester.edu/~emamajek/WGSN/IAU-CSN.txt | https://raw.githubusercontent.com/Stellarium/stellarium/master/po/stellarium-sky/ko.po | https://raw.githubusercontent.com/Stellarium/stellarium/master/skycultures/korean/index.json,medium,false
23416,Almaaz,알마즈,,,현대 식별: ε Aur. 2022-04-04 IAU-CSN의 V=3.03 기준 밝은 별. 고유명 적용 성분과 HIP 관측 레코드의 단위가 다를 수 있음. 한국어는 Stellarium 번역 용례이며 학회 표준 음역이라고 단정하지 않음.,https://www.pas.rochester.edu/~emamajek/WGSN/IAU-CSN.txt | https://raw.githubusercontent.com/Stellarium/stellarium/master/po/stellarium-sky/ko.po,medium,false
23685,Ping,,,,현대 식별: ε Lep. 2026 ASE 승인 설명 확인; 자료의 V 약 3.18. HIP 교차표는 보조 출처이므로 병합 전 SIMBAD 재대조 권장. 고유명 적용 성분과 HIP 관측 레코드의 단위가 다를 수 있음. 확인한 한국어 통용 표기가 없어 name_ko를 비움.,https://ase.exopla.net/index.php/Ping | https://raw.githubusercontent.com/cyschneck/iau-star-names/main/iau_proper_stars.csv,low,true
23767,Haedus,해두스,,,현대 식별: η Aur. 2022-04-04 IAU-CSN의 V=3.18 기준 밝은 별. 고유명 적용 성분과 HIP 관측 레코드의 단위가 다를 수 있음. 한국어는 Stellarium 번역 용례이며 학회 표준 음역이라고 단정하지 않음.,https://www.pas.rochester.edu/~emamajek/WGSN/IAU-CSN.txt | https://raw.githubusercontent.com/Stellarium/stellarium/master/po/stellarium-sky/ko.po,medium,false
23875,Cursa,쿠르사,,,에리다누스자리 β,IAU WGSN | https://www.pas.rochester.edu/~emamajek/WGSN/IAU-CSN.txt | https://raw.githubusercontent.com/Stellarium/stellarium/master/po/stellarium-sky/ko.po,medium,false
24436,Rigel,리겔,편장군(偏將軍),,오리온자리 β,IAU WGSN | https://www.pas.rochester.edu/~emamajek/WGSN/IAU-CSN.txt | https://raw.githubusercontent.com/Stellarium/stellarium/master/po/stellarium-sky/ko.po | https://raw.githubusercontent.com/Stellarium/stellarium/master/skycultures/korean/index.json,medium,false
24608,Capella,카펠라,천고(天庫),,마차부자리 α,IAU WGSN | https://www.pas.rochester.edu/~emamajek/WGSN/IAU-CSN.txt | https://raw.githubusercontent.com/Stellarium/stellarium/master/po/stellarium-sky/ko.po | https://raw.githubusercontent.com/Stellarium/stellarium/master/skycultures/korean/index.json,medium,false
25336,Bellatrix,벨라트릭스,우장군(右將軍),,오리온자리 γ,IAU WGSN | https://www.pas.rochester.edu/~emamajek/WGSN/IAU-CSN.txt | https://raw.githubusercontent.com/Stellarium/stellarium/master/po/stellarium-sky/ko.po | https://raw.githubusercontent.com/Stellarium/stellarium/master/skycultures/korean/index.json,medium,false
25428,Elnath,엘나스,사공(司空),,황소자리 β,IAU WGSN | https://www.pas.rochester.edu/~emamajek/WGSN/IAU-CSN.txt | https://raw.githubusercontent.com/Stellarium/stellarium/master/po/stellarium-sky/ko.po | https://raw.githubusercontent.com/Stellarium/stellarium/master/skycultures/korean/index.json,medium,false
25606,Nihal,니할,,,현대 식별: β Lep A. 2022-04-04 IAU-CSN의 V=2.83 기준 밝은 별. 고유명 적용 성분과 HIP 관측 레코드의 단위가 다를 수 있음. 한국어는 Stellarium 번역 용례이며 학회 표준 음역이라고 단정하지 않음.,https://www.pas.rochester.edu/~emamajek/WGSN/IAU-CSN.txt | https://raw.githubusercontent.com/Stellarium/stellarium/master/po/stellarium-sky/ko.po,medium,false
25930,Mintaka,민타카,삼장군(三將軍)의 구성별,삼태성의 구성별,오리온자리 δ · 허리띠,IAU WGSN | https://www.pas.rochester.edu/~emamajek/WGSN/IAU-CSN.txt | https://raw.githubusercontent.com/Stellarium/stellarium/master/po/stellarium-sky/ko.po | https://raw.githubusercontent.com/Stellarium/stellarium/master/skycultures/korean/index.json,medium,false
25985,Arneb,아르네브,,,토끼자리 α,IAU WGSN | https://www.pas.rochester.edu/~emamajek/WGSN/IAU-CSN.txt | https://raw.githubusercontent.com/Stellarium/stellarium/master/po/stellarium-sky/ko.po,medium,false
26207,Meissa,메이사,,,오리온자리 λ,IAU WGSN | https://www.pas.rochester.edu/~emamajek/WGSN/IAU-CSN.txt | https://raw.githubusercontent.com/Stellarium/stellarium/master/po/stellarium-sky/ko.po,medium,false
26241,Hatysa,하트샤,,,현대 식별: ι Ori Aa. 2022-04-04 IAU-CSN의 V=2.80 기준 밝은 별. 고유명 적용 성분과 HIP 관측 레코드의 단위가 다를 수 있음. 한국어는 Stellarium 번역 용례이며 학회 표준 음역이라고 단정하지 않음.,https://www.pas.rochester.edu/~emamajek/WGSN/IAU-CSN.txt | https://raw.githubusercontent.com/Stellarium/stellarium/master/po/stellarium-sky/ko.po,medium,false
26311,Alnilam,알닐람,삼장군(三將軍)의 구성별,삼태성의 구성별,오리온자리 ε · 허리띠,IAU WGSN | https://www.pas.rochester.edu/~emamajek/WGSN/IAU-CSN.txt | https://raw.githubusercontent.com/Stellarium/stellarium/master/po/stellarium-sky/ko.po | https://raw.githubusercontent.com/Stellarium/stellarium/master/skycultures/korean/index.json,medium,false
26451,Tianguan,톈관,천관(天關),,현대 식별: ζ Tau A. 2022-04-04 IAU-CSN의 V=2.97 기준 밝은 별. 고유명 적용 성분과 HIP 관측 레코드의 단위가 다를 수 있음. 한국어는 Stellarium 번역 용례이며 학회 표준 음역이라고 단정하지 않음. 전통 대응은 Stellarium korean 재구성에 한정; 성군 구성별 표시는 개별 고유명이 아님. 이 필드를 전통 성군의 유일 ID 또는 독점 검색 별칭으로 사용하지 않는다.,https://www.pas.rochester.edu/~emamajek/WGSN/IAU-CSN.txt | https://raw.githubusercontent.com/Stellarium/stellarium/master/po/stellarium-sky/ko.po | https://raw.githubusercontent.com/Stellarium/stellarium/master/skycultures/korean/index.json,medium,false
26634,Phact,팍트,,,현대 식별: α Col. 2022-04-04 IAU-CSN의 V=2.65 기준 밝은 별. 고유명 적용 성분과 HIP 관측 레코드의 단위가 다를 수 있음. 한국어는 Stellarium 번역 용례이며 학회 표준 음역이라고 단정하지 않음.,https://www.pas.rochester.edu/~emamajek/WGSN/IAU-CSN.txt | https://raw.githubusercontent.com/Stellarium/stellarium/master/po/stellarium-sky/ko.po,medium,false
26727,Alnitak,알니탁,삼장군(三將軍)의 구성별,삼태성의 구성별,오리온자리 ζ · 허리띠(삼태성으로 통칭되기도 함),IAU WGSN | https://www.pas.rochester.edu/~emamajek/WGSN/IAU-CSN.txt | https://raw.githubusercontent.com/Stellarium/stellarium/master/po/stellarium-sky/ko.po | https://raw.githubusercontent.com/Stellarium/stellarium/master/skycultures/korean/index.json,medium,false
27366,Saiph,사이프,후장군(後將軍),,오리온자리 κ,IAU WGSN | https://www.pas.rochester.edu/~emamajek/WGSN/IAU-CSN.txt | https://raw.githubusercontent.com/Stellarium/stellarium/master/po/stellarium-sky/ko.po | https://raw.githubusercontent.com/Stellarium/stellarium/master/skycultures/korean/index.json,medium,false
27628,Wazn,와즌,,,현대 식별: β Col. 2022-04-04 IAU-CSN의 V=3.12 기준 밝은 별. 고유명 적용 성분과 HIP 관측 레코드의 단위가 다를 수 있음. 한국어는 Stellarium 번역 용례이며 학회 표준 음역이라고 단정하지 않음.,https://www.pas.rochester.edu/~emamajek/WGSN/IAU-CSN.txt | https://raw.githubusercontent.com/Stellarium/stellarium/master/po/stellarium-sky/ko.po,medium,false
27989,Betelgeuse,베텔게우스,좌장군(左將軍),,오리온자리 α,IAU WGSN | https://www.pas.rochester.edu/~emamajek/WGSN/IAU-CSN.txt | https://raw.githubusercontent.com/Stellarium/stellarium/master/po/stellarium-sky/ko.po | https://raw.githubusercontent.com/Stellarium/stellarium/master/skycultures/korean/index.json,medium,false
28360,Menkalinan,멘칼리난,천옥(天獄),,마차부자리 β,IAU WGSN | https://www.pas.rochester.edu/~emamajek/WGSN/IAU-CSN.txt | https://raw.githubusercontent.com/Stellarium/stellarium/master/po/stellarium-sky/ko.po | https://raw.githubusercontent.com/Stellarium/stellarium/master/skycultures/korean/index.json,medium,false
28380,Mahasim,마하심,천창(天倉),,현대 식별: θ Aur A. 2022-04-04 IAU-CSN의 V=2.65 기준 밝은 별. 고유명 적용 성분과 HIP 관측 레코드의 단위가 다를 수 있음. 한국어는 Stellarium 번역 용례이며 학회 표준 음역이라고 단정하지 않음. 전통 대응은 Stellarium korean 재구성에 한정; 성군 구성별 표시는 개별 고유명이 아님. 이 필드를 전통 성군의 유일 ID 또는 독점 검색 별칭으로 사용하지 않는다.,https://www.pas.rochester.edu/~emamajek/WGSN/IAU-CSN.txt | https://raw.githubusercontent.com/Stellarium/stellarium/master/po/stellarium-sky/ko.po | https://raw.githubusercontent.com/Stellarium/stellarium/master/skycultures/korean/index.json,medium,false
29655,Propus,프로퍼스,월(鉞),,현대 식별: η Gem A. 2022-04-04 IAU-CSN의 V=3.32 기준 밝은 별. 고유명 적용 성분과 HIP 관측 레코드의 단위가 다를 수 있음. 한국어는 Stellarium 번역 용례이며 학회 표준 음역이라고 단정하지 않음. 전통 대응은 Stellarium korean 재구성에 한정; 성군 구성별 표시는 개별 고유명이 아님. 이 필드를 전통 성군의 유일 ID 또는 독점 검색 별칭으로 사용하지 않는다.,https://www.pas.rochester.edu/~emamajek/WGSN/IAU-CSN.txt | https://raw.githubusercontent.com/Stellarium/stellarium/master/po/stellarium-sky/ko.po | https://raw.githubusercontent.com/Stellarium/stellarium/master/skycultures/korean/index.json,medium,false
30122,Furud,퍼러드,,,현대 식별: ζ CMa Aa. 2022-04-04 IAU-CSN의 V=3.02 기준 밝은 별. 고유명 적용 성분과 HIP 관측 레코드의 단위가 다를 수 있음. 한국어는 Stellarium 번역 용례이며 학회 표준 음역이라고 단정하지 않음.,https://www.pas.rochester.edu/~emamajek/WGSN/IAU-CSN.txt | https://raw.githubusercontent.com/Stellarium/stellarium/master/po/stellarium-sky/ko.po,medium,false
30324,Mirzam,미르잠,야계(野雞),,큰개자리 β,IAU WGSN | https://www.pas.rochester.edu/~emamajek/WGSN/IAU-CSN.txt | https://raw.githubusercontent.com/Stellarium/stellarium/master/po/stellarium-sky/ko.po | https://raw.githubusercontent.com/Stellarium/stellarium/master/skycultures/korean/index.json,medium,false
30343,Tejat,테얏,,,현대 식별: μ Gem Aa. 2022-04-04 IAU-CSN의 V=2.87 기준 밝은 별. 고유명 적용 성분과 HIP 관측 레코드의 단위가 다를 수 있음. 한국어는 Stellarium 번역 용례이며 학회 표준 음역이라고 단정하지 않음.,https://www.pas.rochester.edu/~emamajek/WGSN/IAU-CSN.txt | https://raw.githubusercontent.com/Stellarium/stellarium/master/po/stellarium-sky/ko.po,medium,false
30438,Canopus,카노푸스,노인성,노인(老人),용골자리 α · 남극노인성,IAU WGSN; 위키백과 ko | https://www.pas.rochester.edu/~emamajek/WGSN/IAU-CSN.txt | https://raw.githubusercontent.com/Stellarium/stellarium/master/po/stellarium-sky/ko.po | https://raw.githubusercontent.com/Stellarium/stellarium/master/skycultures/korean/index.json,medium,false
31681,Alhena,알헤나,,알레나,쌍둥이자리 γ,IAU WGSN | https://www.pas.rochester.edu/~emamajek/WGSN/IAU-CSN.txt | https://raw.githubusercontent.com/Stellarium/stellarium/master/po/stellarium-sky/ko.po,medium,false
31685,Pipit,,,,현대 식별: ν Pup. 2026-02 IAU 공지에서 신규 이름·HIP 대조. 고유명 적용 성분과 HIP 관측 레코드의 단위가 다를 수 있음. 확인한 한국어 통용 표기가 없어 name_ko를 비움.,https://www.iau.org/IAU/IAU/News/Ann2026/New-Star-Names-2026.aspx,low,true
32246,Mebsuta,멥수타,,,현대 식별: ε Gem. 2022-04-04 IAU-CSN의 V=3.06 기준 밝은 별. 고유명 적용 성분과 HIP 관측 레코드의 단위가 다를 수 있음. 한국어는 Stellarium 번역 용례이며 학회 표준 음역이라고 단정하지 않음.,https://www.pas.rochester.edu/~emamajek/WGSN/IAU-CSN.txt | https://raw.githubusercontent.com/Stellarium/stellarium/master/po/stellarium-sky/ko.po,medium,false
32349,Sirius,시리우스,천랑성,낭성(狼星),큰개자리 α · 가장 밝은 별,IAU WGSN; 위키백과 ko | https://www.pas.rochester.edu/~emamajek/WGSN/IAU-CSN.txt | https://raw.githubusercontent.com/Stellarium/stellarium/master/po/stellarium-sky/ko.po | https://raw.githubusercontent.com/Stellarium/stellarium/master/skycultures/korean/index.json,medium,false
32362,Alzirr,알지르,,,현대 식별: ξ Gem. 2022-04-04 IAU-CSN의 V=3.35 기준 밝은 별. 고유명 적용 성분과 HIP 관측 레코드의 단위가 다를 수 있음. 한국어는 Stellarium 번역 용례이며 학회 표준 음역이라고 단정하지 않음.,https://www.pas.rochester.edu/~emamajek/WGSN/IAU-CSN.txt | https://raw.githubusercontent.com/Stellarium/stellarium/master/po/stellarium-sky/ko.po,medium,false
33579,Adhara,아다라,,,큰개자리 ε,IAU WGSN | https://www.pas.rochester.edu/~emamajek/WGSN/IAU-CSN.txt | https://raw.githubusercontent.com/Stellarium/stellarium/master/po/stellarium-sky/ko.po,medium,false
33856,Nganurganity,,,,현대 식별: σ CMa. 2022-04-04 IAU-CSN의 V=3.49 기준 밝은 별. 고유명 적용 성분과 HIP 관측 레코드의 단위가 다를 수 있음. 확인한 한국어 통용 표기가 없어 name_ko를 비움. 2022 IAU-CSN 표기. 최신 보조 목록의 Unurgunite 표기와 충돌하여 현행 채택명 재확인 필요; 동일 HIP를 두 행으로 만들지 않음.,https://www.pas.rochester.edu/~emamajek/WGSN/IAU-CSN.txt,low,true
34444,Wezen,웨젠,,,큰개자리 δ,IAU WGSN | https://www.pas.rochester.edu/~emamajek/WGSN/IAU-CSN.txt | https://raw.githubusercontent.com/Stellarium/stellarium/master/po/stellarium-sky/ko.po,medium,false
35550,Wasat,와사트,,,현대 식별: δ Gem Aa. 유명 별 추가; 기준 목록 V=3.52. 고유명 적용 성분과 HIP 관측 레코드의 단위가 다를 수 있음. 한국어는 Stellarium 번역 용례이며 학회 표준 음역이라고 단정하지 않음.,https://www.pas.rochester.edu/~emamajek/WGSN/IAU-CSN.txt | https://raw.githubusercontent.com/Stellarium/stellarium/master/po/stellarium-sky/ko.po,medium,false
35904,Aludra,알루드라,,,현대 식별: η CMa. 2022-04-04 IAU-CSN의 V=2.45 기준 밝은 별. 고유명 적용 성분과 HIP 관측 레코드의 단위가 다를 수 있음. 한국어는 Stellarium 번역 용례이며 학회 표준 음역이라고 단정하지 않음.,https://www.pas.rochester.edu/~emamajek/WGSN/IAU-CSN.txt | https://raw.githubusercontent.com/Stellarium/stellarium/master/po/stellarium-sky/ko.po,medium,false
36188,Gomeisa,고메이사,,,현대 식별: β CMi A. 2022-04-04 IAU-CSN의 V=2.89 기준 밝은 별. 고유명 적용 성분과 HIP 관측 레코드의 단위가 다를 수 있음. 한국어는 Stellarium 번역 용례이며 학회 표준 음역이라고 단정하지 않음.,https://www.pas.rochester.edu/~emamajek/WGSN/IAU-CSN.txt | https://raw.githubusercontent.com/Stellarium/stellarium/master/po/stellarium-sky/ko.po,medium,false
36850,Castor,카스토르,,,쌍둥이자리 α,IAU WGSN | https://www.pas.rochester.edu/~emamajek/WGSN/IAU-CSN.txt | https://raw.githubusercontent.com/Stellarium/stellarium/master/po/stellarium-sky/ko.po,medium,false
37279,Procyon,프로키온,,,작은개자리 α,IAU WGSN | https://www.pas.rochester.edu/~emamajek/WGSN/IAU-CSN.txt | https://raw.githubusercontent.com/Stellarium/stellarium/master/po/stellarium-sky/ko.po,medium,false
37826,Pollux,폴룩스,,,쌍둥이자리 β,IAU WGSN | https://www.pas.rochester.edu/~emamajek/WGSN/IAU-CSN.txt | https://raw.githubusercontent.com/Stellarium/stellarium/master/po/stellarium-sky/ko.po,medium,false
38170,Azmidi,아즈미디,,,현대 식별: ξ Pup. 2022-04-04 IAU-CSN의 V=3.45 기준 밝은 별. 고유명 적용 성분과 HIP 관측 레코드의 단위가 다를 수 있음. 한국어는 Stellarium 번역 용례이며 학회 표준 음역이라고 단정하지 않음.,https://www.pas.rochester.edu/~emamajek/WGSN/IAU-CSN.txt | https://raw.githubusercontent.com/Stellarium/stellarium/master/po/stellarium-sky/ko.po,medium,false
39429,Naos,나오스,,,현대 식별: ζ Pup. 2022-04-04 IAU-CSN의 V=2.21 기준 밝은 별. 고유명 적용 성분과 HIP 관측 레코드의 단위가 다를 수 있음. 한국어는 Stellarium 번역 용례이며 학회 표준 음역이라고 단정하지 않음.,https://www.pas.rochester.edu/~emamajek/WGSN/IAU-CSN.txt | https://raw.githubusercontent.com/Stellarium/stellarium/master/po/stellarium-sky/ko.po,medium,false
39757,Tureis,투레이스,,,현대 식별: ρ Pup A. 2022-04-04 IAU-CSN의 V=2.83 기준 밝은 별. 고유명 적용 성분과 HIP 관측 레코드의 단위가 다를 수 있음. 한국어는 Stellarium 번역 용례이며 학회 표준 음역이라고 단정하지 않음.,https://www.pas.rochester.edu/~emamajek/WGSN/IAU-CSN.txt | https://raw.githubusercontent.com/Stellarium/stellarium/master/po/stellarium-sky/ko.po,medium,false
40526,Tarf,타르프,,,현대 식별: β Cnc A. 유명 별 추가; 기준 목록 V=3.53. 고유명 적용 성분과 HIP 관측 레코드의 단위가 다를 수 있음. 한국어는 Stellarium 번역 용례이며 학회 표준 음역이라고 단정하지 않음.,https://www.pas.rochester.edu/~emamajek/WGSN/IAU-CSN.txt | https://raw.githubusercontent.com/Stellarium/stellarium/master/po/stellarium-sky/ko.po,medium,false
41037,Avior,아비오르,,,용골자리 ε,IAU WGSN | https://www.pas.rochester.edu/~emamajek/WGSN/IAU-CSN.txt | https://raw.githubusercontent.com/Stellarium/stellarium/master/po/stellarium-sky/ko.po,medium,false
41704,Muscida,머스시다,상장(上將),,현대 식별: ο UMa A. 2022-04-04 IAU-CSN의 V=3.35 기준 밝은 별. 고유명 적용 성분과 HIP 관측 레코드의 단위가 다를 수 있음. 한국어는 Stellarium 번역 용례이며 학회 표준 음역이라고 단정하지 않음. 전통 대응은 Stellarium korean 재구성에 한정; 성군 구성별 표시는 개별 고유명이 아님. 이 필드를 전통 성군의 유일 ID 또는 독점 검색 별칭으로 사용하지 않는다.,https://www.pas.rochester.edu/~emamajek/WGSN/IAU-CSN.txt | https://raw.githubusercontent.com/Stellarium/stellarium/master/po/stellarium-sky/ko.po | https://raw.githubusercontent.com/Stellarium/stellarium/master/skycultures/korean/index.json,medium,false
42913,Alsephina,알세피나,,,현대 식별: δ Vel Aa. 2022-04-04 IAU-CSN의 V=1.99 기준 밝은 별. 고유명 적용 성분과 HIP 관측 레코드의 단위가 다를 수 있음. 한국어는 Stellarium 번역 용례이며 학회 표준 음역이라고 단정하지 않음.,https://www.pas.rochester.edu/~emamajek/WGSN/IAU-CSN.txt | https://raw.githubusercontent.com/Stellarium/stellarium/master/po/stellarium-sky/ko.po,medium,false
43109,Ashlesha,애슐리샤,,,현대 식별: ε Hya A. 2022-04-04 IAU-CSN의 V=3.49 기준 밝은 별. 고유명 적용 성분과 HIP 관측 레코드의 단위가 다를 수 있음. 한국어는 Stellarium 번역 용례이며 학회 표준 음역이라고 단정하지 않음.,https://www.pas.rochester.edu/~emamajek/WGSN/IAU-CSN.txt | https://raw.githubusercontent.com/Stellarium/stellarium/master/po/stellarium-sky/ko.po,medium,false
44066,Acubens,아쿠벤스,,,현대 식별: α Cnc Aa. 유명 별 추가; 기준 목록 V=4.26. 고유명 적용 성분과 HIP 관측 레코드의 단위가 다를 수 있음. 한국어는 Stellarium 번역 용례이며 학회 표준 음역이라고 단정하지 않음.,https://www.pas.rochester.edu/~emamajek/WGSN/IAU-CSN.txt | https://raw.githubusercontent.com/Stellarium/stellarium/master/po/stellarium-sky/ko.po,medium,false
44127,Talitha,탈리타,,,큰곰자리 ι · 28수 삼태(三台) 상태,IAU WGSN | https://www.pas.rochester.edu/~emamajek/WGSN/IAU-CSN.txt,low,true
44816,Suhail,수하일,,,현대 식별: λ Vel. 2022-04-04 IAU-CSN의 V=2.23 기준 밝은 별. 고유명 적용 성분과 HIP 관측 레코드의 단위가 다를 수 있음. 한국어는 Stellarium 번역 용례이며 학회 표준 음역이라고 단정하지 않음.,https://www.pas.rochester.edu/~emamajek/WGSN/IAU-CSN.txt | https://raw.githubusercontent.com/Stellarium/stellarium/master/po/stellarium-sky/ko.po,medium,false
45238,Miaplacidus,미아플라키두스,,미아플라시두스,용골자리 β,IAU WGSN | https://www.pas.rochester.edu/~emamajek/WGSN/IAU-CSN.txt | https://raw.githubusercontent.com/Stellarium/stellarium/master/po/stellarium-sky/ko.po,medium,false
45556,Aspidiske,아스피디스케,,,현대 식별: ι Car. 2022-04-04 IAU-CSN의 V=2.21 기준 밝은 별. 고유명 적용 성분과 HIP 관측 레코드의 단위가 다를 수 있음. 한국어는 Stellarium 번역 용례이며 학회 표준 음역이라고 단정하지 않음.,https://www.pas.rochester.edu/~emamajek/WGSN/IAU-CSN.txt | https://raw.githubusercontent.com/Stellarium/stellarium/master/po/stellarium-sky/ko.po,medium,false
45941,Markeb,마르케브,,,현대 식별: κ Vel. 2022-04-04 IAU-CSN의 V=2.47 기준 밝은 별. 고유명 적용 성분과 HIP 관측 레코드의 단위가 다를 수 있음. 한국어는 Stellarium 번역 용례이며 학회 표준 음역이라고 단정하지 않음.,https://www.pas.rochester.edu/~emamajek/WGSN/IAU-CSN.txt | https://raw.githubusercontent.com/Stellarium/stellarium/master/po/stellarium-sky/ko.po,medium,false
46390,Alphard,알파르드,,알파드,바다뱀자리 α,IAU WGSN | https://www.pas.rochester.edu/~emamajek/WGSN/IAU-CSN.txt | https://raw.githubusercontent.com/Stellarium/stellarium/master/po/stellarium-sky/ko.po,medium,false
48356,Zhang,,,,현대 식별: υ1 Hya. 28수 기준성과의 교차참조를 위한 추가 항목. 고유명 적용 성분과 HIP 관측 레코드의 단위가 다를 수 있음. 확인한 한국어 통용 표기가 없어 name_ko를 비움.,https://www.pas.rochester.edu/~emamajek/WGSN/IAU-CSN.txt,low,true
49669,Regulus,레굴루스,,,사자자리 α,IAU WGSN | https://www.pas.rochester.edu/~emamajek/WGSN/IAU-CSN.txt | https://raw.githubusercontent.com/Stellarium/stellarium/master/po/stellarium-sky/ko.po,medium,false
50335,Adhafera,아드하페라,,,현대 식별: ζ Leo Aa. 2022-04-04 IAU-CSN의 V=3.43 기준 밝은 별. 고유명 적용 성분과 HIP 관측 레코드의 단위가 다를 수 있음. 한국어는 Stellarium 번역 용례이며 학회 표준 음역이라고 단정하지 않음.,https://www.pas.rochester.edu/~emamajek/WGSN/IAU-CSN.txt | https://raw.githubusercontent.com/Stellarium/stellarium/master/po/stellarium-sky/ko.po,medium,false
50372,Tania Borealis,타니아 보레알리스,,북쪽 타니아,큰곰자리 λ · 삼태 중태,IAU WGSN | https://www.pas.rochester.edu/~emamajek/WGSN/IAU-CSN.txt | https://raw.githubusercontent.com/Stellarium/stellarium/master/po/stellarium-sky/ko.po,medium,false
50583,Algieba,알기에바,,,사자자리 γ · 이중성,IAU WGSN | https://www.pas.rochester.edu/~emamajek/WGSN/IAU-CSN.txt | https://raw.githubusercontent.com/Stellarium/stellarium/master/po/stellarium-sky/ko.po,medium,false
50801,Tania Australis,남쪽 타니아,,,현대 식별: μ UMa A. 2022-04-04 IAU-CSN의 V=3.06 기준 밝은 별. 고유명 적용 성분과 HIP 관측 레코드의 단위가 다를 수 있음. 한국어는 Stellarium 번역 용례이며 학회 표준 음역이라고 단정하지 않음.,https://www.pas.rochester.edu/~emamajek/WGSN/IAU-CSN.txt | https://raw.githubusercontent.com/Stellarium/stellarium/master/po/stellarium-sky/ko.po,medium,false
53740,Alkes,,,,현대 식별: α Crt. 28수 기준성과의 교차참조를 위한 추가 항목. 고유명 적용 성분과 HIP 관측 레코드의 단위가 다를 수 있음. 한국어 통용 표기를 직접 확인하지 못해 비움.,https://www.pas.rochester.edu/~emamajek/WGSN/IAU-CSN.txt,low,true
53910,Merak,메라크,천선(天璇),거문(巨門),큰곰자리 β · 북두칠성,IAU WGSN | https://www.pas.rochester.edu/~emamajek/WGSN/IAU-CSN.txt | https://raw.githubusercontent.com/Stellarium/stellarium/master/po/stellarium-sky/ko.po | https://raw.githubusercontent.com/Stellarium/stellarium/master/skycultures/korean/index.json,medium,false
54061,Dubhe,두베,천추(天樞),탐랑(貪狼),큰곰자리 α · 북두칠성,IAU WGSN | https://www.pas.rochester.edu/~emamajek/WGSN/IAU-CSN.txt | https://raw.githubusercontent.com/Stellarium/stellarium/master/po/stellarium-sky/ko.po | https://raw.githubusercontent.com/Stellarium/stellarium/master/skycultures/korean/index.json,medium,false
54872,Zosma,조스마,상상(上相),,현대 식별: δ Leo. 2022-04-04 IAU-CSN의 V=2.56 기준 밝은 별. 고유명 적용 성분과 HIP 관측 레코드의 단위가 다를 수 있음. 한국어는 Stellarium 번역 용례이며 학회 표준 음역이라고 단정하지 않음. 전통 대응은 Stellarium korean 재구성에 한정; 성군 구성별 표시는 개별 고유명이 아님. 이 필드를 전통 성군의 유일 ID 또는 독점 검색 별칭으로 사용하지 않는다.,https://www.pas.rochester.edu/~emamajek/WGSN/IAU-CSN.txt | https://raw.githubusercontent.com/Stellarium/stellarium/master/po/stellarium-sky/ko.po | https://raw.githubusercontent.com/Stellarium/stellarium/master/skycultures/korean/index.json,medium,false
54879,Chertan,셰르탄,차상(次相),,현대 식별: θ Leo. 2022-04-04 IAU-CSN의 V=3.33 기준 밝은 별. 고유명 적용 성분과 HIP 관측 레코드의 단위가 다를 수 있음. 한국어는 Stellarium 번역 용례이며 학회 표준 음역이라고 단정하지 않음. 전통 대응은 Stellarium korean 재구성에 한정; 성군 구성별 표시는 개별 고유명이 아님. 이 필드를 전통 성군의 유일 ID 또는 독점 검색 별칭으로 사용하지 않는다.,https://www.pas.rochester.edu/~emamajek/WGSN/IAU-CSN.txt | https://raw.githubusercontent.com/Stellarium/stellarium/master/po/stellarium-sky/ko.po | https://raw.githubusercontent.com/Stellarium/stellarium/master/skycultures/korean/index.json,medium,false
55219,Alula Borealis,알룰라 보레알리스,,북쪽 알룰라,큰곰자리 ν · 삼태 하태,IAU WGSN | https://www.pas.rochester.edu/~emamajek/WGSN/IAU-CSN.txt | https://raw.githubusercontent.com/Stellarium/stellarium/master/po/stellarium-sky/ko.po,medium,false
57632,Denebola,데네볼라,황제(黃帝),,사자자리 β,IAU WGSN | https://www.pas.rochester.edu/~emamajek/WGSN/IAU-CSN.txt | https://raw.githubusercontent.com/Stellarium/stellarium/master/po/stellarium-sky/ko.po | https://raw.githubusercontent.com/Stellarium/stellarium/master/skycultures/korean/index.json,medium,false
58001,Phecda,페크다,천기(天璣),펙다|녹존(祿存),큰곰자리 γ · 북두칠성,IAU WGSN | https://www.pas.rochester.edu/~emamajek/WGSN/IAU-CSN.txt | https://raw.githubusercontent.com/Stellarium/stellarium/master/po/stellarium-sky/ko.po | https://raw.githubusercontent.com/Stellarium/stellarium/master/skycultures/korean/index.json,medium,false
59747,Imai,,,,현대 식별: δ Cru. 2022-04-04 IAU-CSN의 V=2.75 기준 밝은 별. 고유명 적용 성분과 HIP 관측 레코드의 단위가 다를 수 있음. 확인한 한국어 통용 표기가 없어 name_ko를 비움.,https://www.pas.rochester.edu/~emamajek/WGSN/IAU-CSN.txt,low,true
59774,Megrez,메그레즈,천권(天權),문곡(文曲),큰곰자리 δ · 북두칠성,IAU WGSN | https://www.pas.rochester.edu/~emamajek/WGSN/IAU-CSN.txt | https://raw.githubusercontent.com/Stellarium/stellarium/master/po/stellarium-sky/ko.po | https://raw.githubusercontent.com/Stellarium/stellarium/master/skycultures/korean/index.json,medium,false
59803,Gienah,기에나,,기에나흐,까마귀자리 γ,IAU WGSN | https://www.pas.rochester.edu/~emamajek/WGSN/IAU-CSN.txt | https://raw.githubusercontent.com/Stellarium/stellarium/master/po/stellarium-sky/ko.po,medium,false
60718,Acrux,아크룩스,,,남십자자리 α,IAU WGSN | https://www.pas.rochester.edu/~emamajek/WGSN/IAU-CSN.txt | https://raw.githubusercontent.com/Stellarium/stellarium/master/po/stellarium-sky/ko.po,medium,false
60965,Algorab,알고라브,,,현대 식별: δ Crv A. 2022-04-04 IAU-CSN의 V=2.94 기준 밝은 별. 고유명 적용 성분과 HIP 관측 레코드의 단위가 다를 수 있음. 한국어는 Stellarium 번역 용례이며 학회 표준 음역이라고 단정하지 않음.,https://www.pas.rochester.edu/~emamajek/WGSN/IAU-CSN.txt | https://raw.githubusercontent.com/Stellarium/stellarium/master/po/stellarium-sky/ko.po,medium,false
61084,Gacrux,가크룩스,,,남십자자리 γ,IAU WGSN | https://www.pas.rochester.edu/~emamajek/WGSN/IAU-CSN.txt | https://raw.githubusercontent.com/Stellarium/stellarium/master/po/stellarium-sky/ko.po,medium,false
61359,Kraz,크라즈,,,현대 식별: β Crv. 2022-04-04 IAU-CSN의 V=2.65 기준 밝은 별. 고유명 적용 성분과 HIP 관측 레코드의 단위가 다를 수 있음. 한국어는 Stellarium 번역 용례이며 학회 표준 음역이라고 단정하지 않음.,https://www.pas.rochester.edu/~emamajek/WGSN/IAU-CSN.txt | https://raw.githubusercontent.com/Stellarium/stellarium/master/po/stellarium-sky/ko.po,medium,false
61941,Porrima,포리마,상상(上相),,처녀자리 γ · 이중성,IAU WGSN | https://www.pas.rochester.edu/~emamajek/WGSN/IAU-CSN.txt | https://raw.githubusercontent.com/Stellarium/stellarium/master/po/stellarium-sky/ko.po | https://raw.githubusercontent.com/Stellarium/stellarium/master/skycultures/korean/index.json,medium,false
62434,Mimosa,미모사,,,남십자자리 β,IAU WGSN | https://www.pas.rochester.edu/~emamajek/WGSN/IAU-CSN.txt | https://raw.githubusercontent.com/Stellarium/stellarium/master/po/stellarium-sky/ko.po,medium,false
62956,Alioth,알리오트,옥형(玉衡),알리오스|염정(廉貞),큰곰자리 ε · 북두칠성,IAU WGSN | https://www.pas.rochester.edu/~emamajek/WGSN/IAU-CSN.txt | https://raw.githubusercontent.com/Stellarium/stellarium/master/po/stellarium-sky/ko.po | https://raw.githubusercontent.com/Stellarium/stellarium/master/skycultures/korean/index.json,medium,false
63090,Minelauva,미네로바,차상(次相),,현대 식별: δ Vir. 2022-04-04 IAU-CSN의 V=3.39 기준 밝은 별. 고유명 적용 성분과 HIP 관측 레코드의 단위가 다를 수 있음. 한국어는 Stellarium 번역 용례이며 학회 표준 음역이라고 단정하지 않음. 전통 대응은 Stellarium korean 재구성에 한정; 성군 구성별 표시는 개별 고유명이 아님. 이 필드를 전통 성군의 유일 ID 또는 독점 검색 별칭으로 사용하지 않는다.,https://www.pas.rochester.edu/~emamajek/WGSN/IAU-CSN.txt | https://raw.githubusercontent.com/Stellarium/stellarium/master/po/stellarium-sky/ko.po | https://raw.githubusercontent.com/Stellarium/stellarium/master/skycultures/korean/index.json,medium,false
63125,Cor Caroli,코르 카롤리,,,사냥개자리 α,IAU WGSN | https://www.pas.rochester.edu/~emamajek/WGSN/IAU-CSN.txt | https://raw.githubusercontent.com/Stellarium/stellarium/master/po/stellarium-sky/ko.po,medium,false
63608,Vindemiatrix,빈데미아트릭스,차장(次將),,처녀자리 ε,IAU WGSN | https://www.pas.rochester.edu/~emamajek/WGSN/IAU-CSN.txt | https://raw.githubusercontent.com/Stellarium/stellarium/master/skycultures/korean/index.json,low,true
65109,Kulou,,,,현대 식별: ι Cen. 2026-02 IAU 공지에서 신규 이름·HIP 대조. 고유명 적용 성분과 HIP 관측 레코드의 단위가 다를 수 있음. 확인한 한국어 통용 표기가 없어 name_ko를 비움.,https://www.iau.org/IAU/IAU/News/Ann2026/New-Star-Names-2026.aspx,low,true
65378,Mizar,미자르,개양(開陽),무곡(武曲),큰곰자리 ζ · 알코르와 쌍,IAU WGSN | https://www.pas.rochester.edu/~emamajek/WGSN/IAU-CSN.txt | https://raw.githubusercontent.com/Stellarium/stellarium/master/po/stellarium-sky/ko.po | https://raw.githubusercontent.com/Stellarium/stellarium/master/skycultures/korean/index.json,medium,false
65474,Spica,스피카,좌각(左角),,처녀자리 α · 28수 각수,IAU WGSN | https://www.pas.rochester.edu/~emamajek/WGSN/IAU-CSN.txt | https://raw.githubusercontent.com/Stellarium/stellarium/master/po/stellarium-sky/ko.po | https://raw.githubusercontent.com/Stellarium/stellarium/master/skycultures/korean/index.json,medium,false
65477,Alcor,알코르,,,큰곰자리 80,IAU WGSN | https://www.pas.rochester.edu/~emamajek/WGSN/IAU-CSN.txt | https://raw.githubusercontent.com/Stellarium/stellarium/master/po/stellarium-sky/ko.po,medium,false
66249,Heze,헤제,,,현대 식별: ζ Vir A. 2022-04-04 IAU-CSN의 V=3.38 기준 밝은 별. 고유명 적용 성분과 HIP 관측 레코드의 단위가 다를 수 있음. 한국어는 Stellarium 번역 용례이며 학회 표준 음역이라고 단정하지 않음.,https://www.pas.rochester.edu/~emamajek/WGSN/IAU-CSN.txt | https://raw.githubusercontent.com/Stellarium/stellarium/master/po/stellarium-sky/ko.po,medium,false
67301,Alkaid,알카이드,요광(搖光),파군(破軍),큰곰자리 η · 북두칠성,IAU WGSN | https://www.pas.rochester.edu/~emamajek/WGSN/IAU-CSN.txt | https://raw.githubusercontent.com/Stellarium/stellarium/master/po/stellarium-sky/ko.po | https://raw.githubusercontent.com/Stellarium/stellarium/master/skycultures/korean/index.json,medium,false
67464,Heng,,,,현대 식별: ν Cen. 2026-02 IAU 공지에서 신규 이름·HIP 대조. 고유명 적용 성분과 HIP 관측 레코드의 단위가 다를 수 있음. 확인한 한국어 통용 표기가 없어 name_ko를 비움.,https://www.iau.org/IAU/IAU/News/Ann2026/New-Star-Names-2026.aspx,low,true
67927,Muphrid,무프리드,,,목동자리 η,IAU WGSN | https://www.pas.rochester.edu/~emamajek/WGSN/IAU-CSN.txt | https://raw.githubusercontent.com/Stellarium/stellarium/master/po/stellarium-sky/ko.po,medium,false
68002,Leepwal,,,,현대 식별: ζ Cen. 2026-02 IAU 공지에서 신규 이름·HIP 대조. 고유명 적용 성분과 HIP 관측 레코드의 단위가 다를 수 있음. 확인한 한국어 통용 표기가 없어 name_ko를 비움.,https://www.iau.org/IAU/IAU/News/Ann2026/New-Star-Names-2026.aspx,low,true
68702,Hadar,하다르,,,센타우루스자리 β,IAU WGSN | https://www.pas.rochester.edu/~emamajek/WGSN/IAU-CSN.txt | https://raw.githubusercontent.com/Stellarium/stellarium/master/po/stellarium-sky/ko.po,medium,false
68756,Thuban,투반,,,용자리 α · 고대 북극성,IAU WGSN | https://www.pas.rochester.edu/~emamajek/WGSN/IAU-CSN.txt | https://raw.githubusercontent.com/Stellarium/stellarium/master/po/stellarium-sky/ko.po,medium,false
68933,Menkent,멘켄트,,,현대 식별: θ Cen. 2022-04-04 IAU-CSN의 V=2.06 기준 밝은 별. 고유명 적용 성분과 HIP 관측 레코드의 단위가 다를 수 있음. 한국어는 Stellarium 번역 용례이며 학회 표준 음역이라고 단정하지 않음.,https://www.pas.rochester.edu/~emamajek/WGSN/IAU-CSN.txt | https://raw.githubusercontent.com/Stellarium/stellarium/master/po/stellarium-sky/ko.po,medium,false
69427,Kang,캉,,,현대 식별: κ Vir. 28수 기준성과의 교차참조를 위한 추가 항목. 고유명 적용 성분과 HIP 관측 레코드의 단위가 다를 수 있음. 한국어는 Stellarium 번역 용례이며 학회 표준 음역이라고 단정하지 않음.,https://www.pas.rochester.edu/~emamajek/WGSN/IAU-CSN.txt | https://raw.githubusercontent.com/Stellarium/stellarium/master/po/stellarium-sky/ko.po,medium,false
69673,Arcturus,아르크투루스,,아크투루스,목동자리 α,IAU WGSN | https://www.pas.rochester.edu/~emamajek/WGSN/IAU-CSN.txt | https://raw.githubusercontent.com/Stellarium/stellarium/master/po/stellarium-sky/ko.po,medium,false
70890,Proxima Centauri,프록시마 센타우리,,,현대 식별: α Cen C. 유명 별 추가; 기준 목록 V=11.01. 고유명 적용 성분과 HIP 관측 레코드의 단위가 다를 수 있음. 가까운 별의 유명 추가항목. 밝기 컷을 충족하는 별은 아님.,https://www.pas.rochester.edu/~emamajek/WGSN/IAU-CSN.txt | https://ko.wikipedia.org/wiki/프록시마_센타우리,medium,false
71075,Seginus,세기누스,,세기너스,목동자리 γ,IAU WGSN | https://www.pas.rochester.edu/~emamajek/WGSN/IAU-CSN.txt | https://raw.githubusercontent.com/Stellarium/stellarium/master/po/stellarium-sky/ko.po,medium,false
71681,Toliman,톨리만,,,현대 식별: α Cen B. 2022-04-04 IAU-CSN의 V=1.35 기준 밝은 별. 고유명 적용 성분과 HIP 관측 레코드의 단위가 다를 수 있음. 한국어는 Stellarium 번역 용례이며 학회 표준 음역이라고 단정하지 않음. α Cen B. α Cen A(HIP71683)의 고유명과 별도 레코드.,https://www.pas.rochester.edu/~emamajek/WGSN/IAU-CSN.txt | https://raw.githubusercontent.com/Stellarium/stellarium/master/po/stellarium-sky/ko.po,medium,false
71683,Rigil Kentaurus,리길 켄타우루스,,리길 센타우루스,센타우루스자리 α A,IAU WGSN | https://www.pas.rochester.edu/~emamajek/WGSN/IAU-CSN.txt | https://raw.githubusercontent.com/Stellarium/stellarium/master/po/stellarium-sky/ko.po,medium,false
71860,Uridim,,,,현대 식별: α Lup. 2026-02 IAU 공지에서 신규 이름·HIP 대조. 고유명 적용 성분과 HIP 관측 레코드의 단위가 다를 수 있음. 확인한 한국어 통용 표기가 없어 name_ko를 비움.,https://www.iau.org/IAU/IAU/News/Ann2026/New-Star-Names-2026.aspx,low,true
71908,Xami,,,,현대 식별: α Cir. 2026-02 IAU 공지에서 신규 이름·HIP 대조. 고유명 적용 성분과 HIP 관측 레코드의 단위가 다를 수 있음. 확인한 한국어 통용 표기가 없어 name_ko를 비움.,https://www.iau.org/IAU/IAU/News/Ann2026/New-Star-Names-2026.aspx,low,true
72105,Izar,이자르,,,목동자리 ε · 이중성,IAU WGSN | https://www.pas.rochester.edu/~emamajek/WGSN/IAU-CSN.txt | https://raw.githubusercontent.com/Stellarium/stellarium/master/po/stellarium-sky/ko.po,medium,false
72607,Kochab,코카브,제(帝),,작은곰자리 β,IAU WGSN | https://www.pas.rochester.edu/~emamajek/WGSN/IAU-CSN.txt | https://raw.githubusercontent.com/Stellarium/stellarium/master/po/stellarium-sky/ko.po | https://raw.githubusercontent.com/Stellarium/stellarium/master/skycultures/korean/index.json,medium,false
72622,Zubenelgenubi,주벤엘게누비,,주벤알게누비,천칭자리 α,IAU WGSN | https://www.pas.rochester.edu/~emamajek/WGSN/IAU-CSN.txt | https://raw.githubusercontent.com/Stellarium/stellarium/master/po/stellarium-sky/ko.po,medium,false
73136,Baekdu,백두,,,현대 식별: 8 UMi. 유명 별 추가; 기준 목록 V=6.83. 고유명 적용 성분과 HIP 관측 레코드의 단위가 다를 수 있음. 한국 제안으로 채택된 공식 이름. 외계행성 Halla와 항성 Baekdu를 구별.,https://www.pas.rochester.edu/~emamajek/WGSN/IAU-CSN.txt | https://www.kasi.re.kr/kor/publication/post/newsMaterial/12399,medium,false
73555,Nekkar,네카르,,,현대 식별: β Boo. 2022-04-04 IAU-CSN의 V=3.49 기준 밝은 별. 고유명 적용 성분과 HIP 관측 레코드의 단위가 다를 수 있음. 한국어는 Stellarium 번역 용례이며 학회 표준 음역이라고 단정하지 않음.,https://www.pas.rochester.edu/~emamajek/WGSN/IAU-CSN.txt | https://raw.githubusercontent.com/Stellarium/stellarium/master/po/stellarium-sky/ko.po,medium,false
73714,Brachium,브라키움,,,현대 식별: σ Lib A. 2022-04-04 IAU-CSN의 V=3.25 기준 밝은 별. 고유명 적용 성분과 HIP 관측 레코드의 단위가 다를 수 있음. 한국어는 Stellarium 번역 용례이며 학회 표준 음역이라고 단정하지 않음.,https://www.pas.rochester.edu/~emamajek/WGSN/IAU-CSN.txt | https://raw.githubusercontent.com/Stellarium/stellarium/master/po/stellarium-sky/ko.po,medium,false
74666,Qigong,,,,현대 식별: δ Boo. 2026 ASE 승인 설명 확인; 자료의 V 약 3.49. HIP 교차표는 보조 출처이므로 병합 전 SIMBAD 재대조 권장. 고유명 적용 성분과 HIP 관측 레코드의 단위가 다를 수 있음. 확인한 한국어 통용 표기가 없어 name_ko를 비움.,https://ase.exopla.net/index.php/Qigong | https://raw.githubusercontent.com/cyschneck/iau-star-names/main/iau_proper_stars.csv,low,true
74785,Zubeneschamali,주벤에샤말리,,주벤에샤마리,천칭자리 β,IAU WGSN | https://www.pas.rochester.edu/~emamajek/WGSN/IAU-CSN.txt | https://raw.githubusercontent.com/Stellarium/stellarium/master/po/stellarium-sky/ko.po,medium,false
75097,Pherkad,페르카드,태자(太子),,현대 식별: γ UMi. 2022-04-04 IAU-CSN의 V=3.00 기준 밝은 별. 고유명 적용 성분과 HIP 관측 레코드의 단위가 다를 수 있음. 한국어는 Stellarium 번역 용례이며 학회 표준 음역이라고 단정하지 않음. 전통 대응은 Stellarium korean 재구성에 한정; 성군 구성별 표시는 개별 고유명이 아님. 이 필드를 전통 성군의 유일 ID 또는 독점 검색 별칭으로 사용하지 않는다.,https://www.pas.rochester.edu/~emamajek/WGSN/IAU-CSN.txt | https://raw.githubusercontent.com/Stellarium/stellarium/master/po/stellarium-sky/ko.po | https://raw.githubusercontent.com/Stellarium/stellarium/master/skycultures/korean/index.json,medium,false
75458,Edasich,에다시크,,,현대 식별: ι Dra. 2022-04-04 IAU-CSN의 V=3.29 기준 밝은 별. 고유명 적용 성분과 HIP 관측 레코드의 단위가 다를 수 있음. 한국어는 Stellarium 번역 용례이며 학회 표준 음역이라고 단정하지 않음.,https://www.pas.rochester.edu/~emamajek/WGSN/IAU-CSN.txt | https://raw.githubusercontent.com/Stellarium/stellarium/master/po/stellarium-sky/ko.po,medium,false
76267,Alphecca,알페카,,,북쪽왕관자리 α,IAU WGSN | https://www.pas.rochester.edu/~emamajek/WGSN/IAU-CSN.txt | https://raw.githubusercontent.com/Stellarium/stellarium/master/po/stellarium-sky/ko.po,medium,false
77070,Unukalhai,우누칼하이,,,뱀자리 α,IAU WGSN | https://www.pas.rochester.edu/~emamajek/WGSN/IAU-CSN.txt | https://raw.githubusercontent.com/Stellarium/stellarium/master/po/stellarium-sky/ko.po,medium,false
78265,Fang,팡,차장(次將),,현대 식별: π Sco Aa. 2022-04-04 IAU-CSN의 V=2.89 기준 밝은 별. 고유명 적용 성분과 HIP 관측 레코드의 단위가 다를 수 있음. 한국어는 Stellarium 번역 용례이며 학회 표준 음역이라고 단정하지 않음. 전통 대응은 Stellarium korean 재구성에 한정; 성군 구성별 표시는 개별 고유명이 아님. 이 필드를 전통 성군의 유일 ID 또는 독점 검색 별칭으로 사용하지 않는다.,https://www.pas.rochester.edu/~emamajek/WGSN/IAU-CSN.txt | https://raw.githubusercontent.com/Stellarium/stellarium/master/po/stellarium-sky/ko.po | https://raw.githubusercontent.com/Stellarium/stellarium/master/skycultures/korean/index.json,medium,false
78322,Blaze Star,,,,현대 식별: T CrB. 2026-02 IAU 공지에서 신규 이름·HIP 대조. 고유명 적용 성분과 HIP 관측 레코드의 단위가 다를 수 있음. 확인한 한국어 통용 표기가 없어 name_ko를 비움. 재귀신성 T CrB의 이름. 현재 밝기·폭발 여부나 예정일은 이 이름 표에서 판단하지 않음.,https://www.iau.org/IAU/IAU/News/Ann2026/New-Star-Names-2026.aspx,low,true
78401,Dschubba,드슈바,차상(次相),,전갈자리 δ,IAU WGSN | https://www.pas.rochester.edu/~emamajek/WGSN/IAU-CSN.txt | https://raw.githubusercontent.com/Stellarium/stellarium/master/po/stellarium-sky/ko.po | https://raw.githubusercontent.com/Stellarium/stellarium/master/skycultures/korean/index.json,medium,false
78820,Acrab,아크라브,상상(上相),,현대 식별: β Sco Aa. 2022-04-04 IAU-CSN의 V=2.56 기준 밝은 별. 고유명 적용 성분과 HIP 관측 레코드의 단위가 다를 수 있음. 한국어는 Stellarium 번역 용례이며 학회 표준 음역이라고 단정하지 않음. 전통 대응은 Stellarium korean 재구성에 한정; 성군 구성별 표시는 개별 고유명이 아님. 이 필드를 전통 성군의 유일 ID 또는 독점 검색 별칭으로 사용하지 않는다.,https://www.pas.rochester.edu/~emamajek/WGSN/IAU-CSN.txt | https://raw.githubusercontent.com/Stellarium/stellarium/master/po/stellarium-sky/ko.po | https://raw.githubusercontent.com/Stellarium/stellarium/master/skycultures/korean/index.json,medium,false
79593,Yed Prior,예드 프리오르,,앞쪽 예드,뱀주인자리 δ,IAU WGSN | https://www.pas.rochester.edu/~emamajek/WGSN/IAU-CSN.txt | https://raw.githubusercontent.com/Stellarium/stellarium/master/po/stellarium-sky/ko.po,medium,false
79882,Yed Posterior,뒤쪽 예드,,,현대 식별: ε Oph. 2022-04-04 IAU-CSN의 V=3.23 기준 밝은 별. 고유명 적용 성분과 HIP 관측 레코드의 단위가 다를 수 있음. 한국어는 Stellarium 번역 용례이며 학회 표준 음역이라고 단정하지 않음.,https://www.pas.rochester.edu/~emamajek/WGSN/IAU-CSN.txt | https://raw.githubusercontent.com/Stellarium/stellarium/master/po/stellarium-sky/ko.po,medium,false
80112,Alniyat,알니야트,태자(太子),,현대 식별: σ Sco Aa1. 2022-04-04 IAU-CSN의 V=2.90 기준 밝은 별. 고유명 적용 성분과 HIP 관측 레코드의 단위가 다를 수 있음. 한국어는 Stellarium 번역 용례이며 학회 표준 음역이라고 단정하지 않음. 전통 대응은 Stellarium korean 재구성에 한정; 성군 구성별 표시는 개별 고유명이 아님. 이 필드를 전통 성군의 유일 ID 또는 독점 검색 별칭으로 사용하지 않는다.,https://www.pas.rochester.edu/~emamajek/WGSN/IAU-CSN.txt | https://raw.githubusercontent.com/Stellarium/stellarium/master/po/stellarium-sky/ko.po | https://raw.githubusercontent.com/Stellarium/stellarium/master/skycultures/korean/index.json,medium,false
80331,Athebyne,아테비네,,,현대 식별: η Dra A. 2022-04-04 IAU-CSN의 V=2.73 기준 밝은 별. 고유명 적용 성분과 HIP 관측 레코드의 단위가 다를 수 있음. 한국어는 Stellarium 번역 용례이며 학회 표준 음역이라고 단정하지 않음.,https://www.pas.rochester.edu/~emamajek/WGSN/IAU-CSN.txt | https://raw.githubusercontent.com/Stellarium/stellarium/master/po/stellarium-sky/ko.po,medium,false
80763,Antares,안타레스,명당(明堂),,전갈자리 α · 28수 심수의 대화(大火),IAU WGSN | https://www.pas.rochester.edu/~emamajek/WGSN/IAU-CSN.txt | https://raw.githubusercontent.com/Stellarium/stellarium/master/po/stellarium-sky/ko.po | https://raw.githubusercontent.com/Stellarium/stellarium/master/skycultures/korean/index.json,medium,false
80816,Kornephoros,코르네포로스,,코르네포러스,헤르쿨레스자리 β,IAU WGSN | https://www.pas.rochester.edu/~emamajek/WGSN/IAU-CSN.txt | https://raw.githubusercontent.com/Stellarium/stellarium/master/po/stellarium-sky/ko.po,medium,false
81266,Paikauhale,,서자(庶子),,현대 식별: τ Sco A. 2022-04-04 IAU-CSN의 V=2.82 기준 밝은 별. 고유명 적용 성분과 HIP 관측 레코드의 단위가 다를 수 있음. 확인한 한국어 통용 표기가 없어 name_ko를 비움. 전통 대응은 Stellarium korean 재구성에 한정; 성군 구성별 표시는 개별 고유명이 아님. 이 필드를 전통 성군의 유일 ID 또는 독점 검색 별칭으로 사용하지 않는다.,https://www.pas.rochester.edu/~emamajek/WGSN/IAU-CSN.txt | https://raw.githubusercontent.com/Stellarium/stellarium/master/skycultures/korean/index.json,low,true
81693,Tianji,,,,현대 식별: ζ Her. 2026 ASE 승인 설명 확인; 자료의 V 약 2.8. HIP 교차표는 보조 출처이므로 병합 전 SIMBAD 재대조 권장. 고유명 적용 성분과 HIP 관측 레코드의 단위가 다를 수 있음. 확인한 한국어 통용 표기가 없어 name_ko를 비움.,https://ase.exopla.net/index.php/Tianji | https://raw.githubusercontent.com/cyschneck/iau-star-names/main/iau_proper_stars.csv,low,true
82273,Atria,아트리아,,,남쪽삼각형자리 α,IAU WGSN | https://www.pas.rochester.edu/~emamajek/WGSN/IAU-CSN.txt | https://raw.githubusercontent.com/Stellarium/stellarium/master/po/stellarium-sky/ko.po,medium,false
82396,Larawag,라라와그,후(后),,현대 식별: ε Sco. 2022-04-04 IAU-CSN의 V=2.29 기준 밝은 별. 고유명 적용 성분과 HIP 관측 레코드의 단위가 다를 수 있음. 한국어는 Stellarium 번역 용례이며 학회 표준 음역이라고 단정하지 않음. 전통 대응은 Stellarium korean 재구성에 한정; 성군 구성별 표시는 개별 고유명이 아님. 이 필드를 전통 성군의 유일 ID 또는 독점 검색 별칭으로 사용하지 않는다.,https://www.pas.rochester.edu/~emamajek/WGSN/IAU-CSN.txt | https://raw.githubusercontent.com/Stellarium/stellarium/master/po/stellarium-sky/ko.po | https://raw.githubusercontent.com/Stellarium/stellarium/master/skycultures/korean/index.json,medium,false
82514,Xamidimura,,부인(夫人),,현대 식별: μ1 Sco Aa. 2022-04-04 IAU-CSN의 V=3.00 기준 밝은 별. 고유명 적용 성분과 HIP 관측 레코드의 단위가 다를 수 있음. 확인한 한국어 통용 표기가 없어 name_ko를 비움. 전통 대응은 Stellarium korean 재구성에 한정; 성군 구성별 표시는 개별 고유명이 아님. 이 필드를 전통 성군의 유일 ID 또는 독점 검색 별칭으로 사용하지 않는다.,https://www.pas.rochester.edu/~emamajek/WGSN/IAU-CSN.txt | https://raw.githubusercontent.com/Stellarium/stellarium/master/skycultures/korean/index.json,low,true
83895,Aldhibah,알드히바흐,,,현대 식별: ζ Dra A. 2022-04-04 IAU-CSN의 V=3.17 기준 밝은 별. 고유명 적용 성분과 HIP 관측 레코드의 단위가 다를 수 있음. 한국어는 Stellarium 번역 용례이며 학회 표준 음역이라고 단정하지 않음.,https://www.pas.rochester.edu/~emamajek/WGSN/IAU-CSN.txt | https://raw.githubusercontent.com/Stellarium/stellarium/master/po/stellarium-sky/ko.po,medium,false
84012,Sabik,사비크,,,뱀주인자리 η,IAU WGSN | https://www.pas.rochester.edu/~emamajek/WGSN/IAU-CSN.txt | https://raw.githubusercontent.com/Stellarium/stellarium/master/po/stellarium-sky/ko.po,medium,false
84345,Rasalgethi,라스알게티,,,헤르쿨레스자리 α,IAU WGSN | https://www.pas.rochester.edu/~emamajek/WGSN/IAU-CSN.txt | https://raw.githubusercontent.com/Stellarium/stellarium/master/po/stellarium-sky/ko.po,medium,false
84379,Sarin,사린,,,현대 식별: δ Her Aa. 2022-04-04 IAU-CSN의 V=3.12 기준 밝은 별. 고유명 적용 성분과 HIP 관측 레코드의 단위가 다를 수 있음. 한국어는 Stellarium 번역 용례이며 학회 표준 음역이라고 단정하지 않음.,https://www.pas.rochester.edu/~emamajek/WGSN/IAU-CSN.txt | https://raw.githubusercontent.com/Stellarium/stellarium/master/po/stellarium-sky/ko.po,medium,false
84380,Nuchuang,,,,현대 식별: π Her. 2026 ASE 승인 설명 확인; 자료의 V 약 3.18. HIP 교차표는 보조 출처이므로 병합 전 SIMBAD 재대조 권장. 고유명 적용 성분과 HIP 관측 레코드의 단위가 다를 수 있음. 확인한 한국어 통용 표기가 없어 name_ko를 비움. ASE 본문은 IAU 채택 철자를 발음구별기호 없는 Nuchuang으로 명시; 페이지 제목 Nüchuang과 구별.,https://ase.exopla.net/index.php/N%C3%BCchuang | https://raw.githubusercontent.com/cyschneck/iau-star-names/main/iau_proper_stars.csv,low,true
85670,Rastaban,라스타반,,,용자리 β,IAU WGSN | https://www.pas.rochester.edu/~emamajek/WGSN/IAU-CSN.txt | https://raw.githubusercontent.com/Stellarium/stellarium/master/po/stellarium-sky/ko.po,medium,false
85696,Lesath,레사스,첩(妾),,현대 식별: υ Sco. 2022-04-04 IAU-CSN의 V=2.70 기준 밝은 별. 고유명 적용 성분과 HIP 관측 레코드의 단위가 다를 수 있음. 한국어는 Stellarium 번역 용례이며 학회 표준 음역이라고 단정하지 않음. 전통 대응은 Stellarium korean 재구성에 한정; 성군 구성별 표시는 개별 고유명이 아님. 이 필드를 전통 성군의 유일 ID 또는 독점 검색 별칭으로 사용하지 않는다.,https://www.pas.rochester.edu/~emamajek/WGSN/IAU-CSN.txt | https://raw.githubusercontent.com/Stellarium/stellarium/master/po/stellarium-sky/ko.po | https://raw.githubusercontent.com/Stellarium/stellarium/master/skycultures/korean/index.json,medium,false
85927,Shaula,샤울라,첩(妾),,전갈자리 λ,IAU WGSN | https://www.pas.rochester.edu/~emamajek/WGSN/IAU-CSN.txt | https://raw.githubusercontent.com/Stellarium/stellarium/master/po/stellarium-sky/ko.po | https://raw.githubusercontent.com/Stellarium/stellarium/master/skycultures/korean/index.json,medium,false
86032,Rasalhague,라스알하게,,,뱀주인자리 α,IAU WGSN | https://www.pas.rochester.edu/~emamajek/WGSN/IAU-CSN.txt | https://raw.githubusercontent.com/Stellarium/stellarium/master/po/stellarium-sky/ko.po,medium,false
86228,Sargas,사르가스,빈(嬪),,현대 식별: θ Sco A. 2022-04-04 IAU-CSN의 V=1.86 기준 밝은 별. 고유명 적용 성분과 HIP 관측 레코드의 단위가 다를 수 있음. 한국어는 Stellarium 번역 용례이며 학회 표준 음역이라고 단정하지 않음. 전통 대응은 Stellarium korean 재구성에 한정; 성군 구성별 표시는 개별 고유명이 아님. 이 필드를 전통 성군의 유일 ID 또는 독점 검색 별칭으로 사용하지 않는다.,https://www.pas.rochester.edu/~emamajek/WGSN/IAU-CSN.txt | https://raw.githubusercontent.com/Stellarium/stellarium/master/po/stellarium-sky/ko.po | https://raw.githubusercontent.com/Stellarium/stellarium/master/skycultures/korean/index.json,medium,false
86742,Cebalrai,케발라이,,세발라이,뱀주인자리 β,IAU WGSN | https://www.pas.rochester.edu/~emamajek/WGSN/IAU-CSN.txt | https://raw.githubusercontent.com/Stellarium/stellarium/master/po/stellarium-sky/ko.po,medium,false
87261,Fuyue,푸유에,,,현대 식별: G Sco. 2022-04-04 IAU-CSN의 V=3.19 기준 밝은 별. 고유명 적용 성분과 HIP 관측 레코드의 단위가 다를 수 있음. 한국어는 Stellarium 번역 용례이며 학회 표준 음역이라고 단정하지 않음.,https://www.pas.rochester.edu/~emamajek/WGSN/IAU-CSN.txt | https://raw.githubusercontent.com/Stellarium/stellarium/master/po/stellarium-sky/ko.po,medium,false
87833,Eltanin,엘타닌,,,용자리 γ,IAU WGSN | https://www.pas.rochester.edu/~emamajek/WGSN/IAU-CSN.txt | https://raw.githubusercontent.com/Stellarium/stellarium/master/po/stellarium-sky/ko.po,medium,false
87937,Barnard's Star,버나드별,,,현대 식별: Barnard's Star. 유명 별 추가; 기준 목록 V=9.54. 고유명 적용 성분과 HIP 관측 레코드의 단위가 다를 수 있음. 한국어는 Stellarium 번역 용례이며 학회 표준 음역이라고 단정하지 않음.,https://www.pas.rochester.edu/~emamajek/WGSN/IAU-CSN.txt | https://raw.githubusercontent.com/Stellarium/stellarium/master/po/stellarium-sky/ko.po,medium,false
88635,Alnasl,알나슬,,,현대 식별: γ2 Sgr. 2022-04-04 IAU-CSN의 V=2.98 기준 밝은 별. 고유명 적용 성분과 HIP 관측 레코드의 단위가 다를 수 있음. 한국어는 Stellarium 번역 용례이며 학회 표준 음역이라고 단정하지 않음.,https://www.pas.rochester.edu/~emamajek/WGSN/IAU-CSN.txt | https://raw.githubusercontent.com/Stellarium/stellarium/master/po/stellarium-sky/ko.po,medium,false
89931,Kaus Media,중앙 카우스,남두육성(南斗六星)의 구성별,,현대 식별: δ Sgr. 2022-04-04 IAU-CSN의 V=2.72 기준 밝은 별. 고유명 적용 성분과 HIP 관측 레코드의 단위가 다를 수 있음. 한국어는 Stellarium 번역 용례이며 학회 표준 음역이라고 단정하지 않음. 전통 대응은 Stellarium korean 재구성에 한정; 성군 구성별 표시는 개별 고유명이 아님. 이 필드를 전통 성군의 유일 ID 또는 독점 검색 별칭으로 사용하지 않는다.,https://www.pas.rochester.edu/~emamajek/WGSN/IAU-CSN.txt | https://raw.githubusercontent.com/Stellarium/stellarium/master/po/stellarium-sky/ko.po | https://raw.githubusercontent.com/Stellarium/stellarium/master/skycultures/korean/index.json,medium,false
90185,Kaus Australis,카우스 아우스트랄리스,,남쪽 카우스,궁수자리 ε,IAU WGSN | https://www.pas.rochester.edu/~emamajek/WGSN/IAU-CSN.txt | https://raw.githubusercontent.com/Stellarium/stellarium/master/po/stellarium-sky/ko.po,medium,false
90496,Kaus Borealis,북쪽 카우스,남두육성(南斗六星)의 구성별,,현대 식별: λ Sgr. 2022-04-04 IAU-CSN의 V=2.82 기준 밝은 별. 고유명 적용 성분과 HIP 관측 레코드의 단위가 다를 수 있음. 한국어는 Stellarium 번역 용례이며 학회 표준 음역이라고 단정하지 않음. 전통 대응은 Stellarium korean 재구성에 한정; 성군 구성별 표시는 개별 고유명이 아님. 이 필드를 전통 성군의 유일 ID 또는 독점 검색 별칭으로 사용하지 않는다.,https://www.pas.rochester.edu/~emamajek/WGSN/IAU-CSN.txt | https://raw.githubusercontent.com/Stellarium/stellarium/master/po/stellarium-sky/ko.po | https://raw.githubusercontent.com/Stellarium/stellarium/master/skycultures/korean/index.json,medium,false
91262,Vega,베가,직녀성,,거문고자리 α,IAU WGSN; 위키백과 ko | https://www.pas.rochester.edu/~emamajek/WGSN/IAU-CSN.txt | https://raw.githubusercontent.com/Stellarium/stellarium/master/po/stellarium-sky/ko.po | https://raw.githubusercontent.com/Stellarium/stellarium/master/skycultures/korean/index.json | https://astro.kasi.re.kr/kor/post/constellationLegend/71335,medium,false
92041,Nandou,,남두육성(南斗六星)의 구성별,,현대 식별: φ Sgr. 2026 ASE 승인 설명 확인; 자료의 V 약 3.17. ASE 본문에 HIP92041과 2026-08 채택이 명시됨. 고유명 적용 성분과 HIP 관측 레코드의 단위가 다를 수 있음. 확인한 한국어 통용 표기가 없어 name_ko를 비움. 전통 대응은 Stellarium korean 재구성에 한정; 성군 구성별 표시는 개별 고유명이 아님. 2026년 ASE의 현대 명명과 한국 자료의 남두육성 성군 관계는 별개의 속성이다. 이 필드를 전통 성군의 유일 ID 또는 독점 검색 별칭으로 사용하지 않는다.,https://ase.exopla.net/index.php/Nandou | https://raw.githubusercontent.com/cyschneck/iau-star-names/main/iau_proper_stars.csv | https://raw.githubusercontent.com/Stellarium/stellarium/master/skycultures/korean/index.json,low,true
92420,Sheliak,셸리아크,,,거문고자리 β,IAU WGSN | https://www.pas.rochester.edu/~emamajek/WGSN/IAU-CSN.txt | https://raw.githubusercontent.com/Stellarium/stellarium/master/po/stellarium-sky/ko.po,medium,false
92855,Nunki,눈키,남두육성(南斗六星)의 구성별,,궁수자리 σ,IAU WGSN | https://www.pas.rochester.edu/~emamajek/WGSN/IAU-CSN.txt | https://raw.githubusercontent.com/Stellarium/stellarium/master/po/stellarium-sky/ko.po | https://raw.githubusercontent.com/Stellarium/stellarium/master/skycultures/korean/index.json,medium,false
93194,Sulafat,술라파트,,,거문고자리 γ,IAU WGSN | https://www.pas.rochester.edu/~emamajek/WGSN/IAU-CSN.txt | https://raw.githubusercontent.com/Stellarium/stellarium/master/po/stellarium-sky/ko.po,medium,false
93506,Ascella,아셀라,남두육성(南斗六星)의 구성별,,현대 식별: ζ Sgr A. 2022-04-04 IAU-CSN의 V=2.60 기준 밝은 별. 고유명 적용 성분과 HIP 관측 레코드의 단위가 다를 수 있음. 한국어는 Stellarium 번역 용례이며 학회 표준 음역이라고 단정하지 않음. 전통 대응은 Stellarium korean 재구성에 한정; 성군 구성별 표시는 개별 고유명이 아님. 이 필드를 전통 성군의 유일 ID 또는 독점 검색 별칭으로 사용하지 않는다.,https://www.pas.rochester.edu/~emamajek/WGSN/IAU-CSN.txt | https://raw.githubusercontent.com/Stellarium/stellarium/master/po/stellarium-sky/ko.po | https://raw.githubusercontent.com/Stellarium/stellarium/master/skycultures/korean/index.json,medium,false
93747,Okab,,,,현대 식별: ζ Aql A. 2022-04-04 IAU-CSN의 V=2.99 기준 밝은 별. 고유명 적용 성분과 HIP 관측 레코드의 단위가 다를 수 있음. 확인한 한국어 통용 표기가 없어 name_ko를 비움.,https://www.pas.rochester.edu/~emamajek/WGSN/IAU-CSN.txt,low,true
94141,Albaldah,알발다흐,,,현대 식별: π Sgr A. 2022-04-04 IAU-CSN의 V=2.88 기준 밝은 별. 고유명 적용 성분과 HIP 관측 레코드의 단위가 다를 수 있음. 한국어는 Stellarium 번역 용례이며 학회 표준 음역이라고 단정하지 않음.,https://www.pas.rochester.edu/~emamajek/WGSN/IAU-CSN.txt | https://raw.githubusercontent.com/Stellarium/stellarium/master/po/stellarium-sky/ko.po,medium,false
94376,Altais,알타이스,,,현대 식별: δ Dra. 2022-04-04 IAU-CSN의 V=3.07 기준 밝은 별. 고유명 적용 성분과 HIP 관측 레코드의 단위가 다를 수 있음. 한국어는 Stellarium 번역 용례이며 학회 표준 음역이라고 단정하지 않음.,https://www.pas.rochester.edu/~emamajek/WGSN/IAU-CSN.txt | https://raw.githubusercontent.com/Stellarium/stellarium/master/po/stellarium-sky/ko.po,medium,false
95501,Guqi,,,,현대 식별: δ Aql. 2026 ASE 승인 설명 확인; 자료의 V 약 3.36. HIP 교차표는 보조 출처이므로 병합 전 SIMBAD 재대조 권장. 고유명 적용 성분과 HIP 관측 레코드의 단위가 다를 수 있음. 확인한 한국어 통용 표기가 없어 name_ko를 비움.,https://ase.exopla.net/index.php/Guqi | https://raw.githubusercontent.com/cyschneck/iau-star-names/main/iau_proper_stars.csv,low,true
95947,Albireo,알비레오,,,백조자리 β · 색 대비 이중성,IAU WGSN | https://www.pas.rochester.edu/~emamajek/WGSN/IAU-CSN.txt | https://raw.githubusercontent.com/Stellarium/stellarium/master/po/stellarium-sky/ko.po,medium,false
96757,Sham,샴,,,화살자리 α,IAU WGSN,high,true
97165,Fawaris,파와리스,,,현대 식별: δ Cyg A. 2022-04-04 IAU-CSN의 V=2.90 기준 밝은 별. 고유명 적용 성분과 HIP 관측 레코드의 단위가 다를 수 있음. 한국어는 Stellarium 번역 용례이며 학회 표준 음역이라고 단정하지 않음.,https://www.pas.rochester.edu/~emamajek/WGSN/IAU-CSN.txt | https://raw.githubusercontent.com/Stellarium/stellarium/master/po/stellarium-sky/ko.po,medium,false
97278,Tarazed,타라제드,우장군(右將軍),,독수리자리 γ,IAU WGSN | https://www.pas.rochester.edu/~emamajek/WGSN/IAU-CSN.txt | https://raw.githubusercontent.com/Stellarium/stellarium/master/po/stellarium-sky/ko.po | https://raw.githubusercontent.com/Stellarium/stellarium/master/skycultures/korean/index.json,medium,false
97649,Altair,알타이르,견우성,견우성(칠석 전승)|대장군(大將軍),독수리자리 α · 통속적 견우(전통 견우는 염소자리 β 다비흐라는 설도 있음),IAU WGSN; 위키백과 ko | https://www.pas.rochester.edu/~emamajek/WGSN/IAU-CSN.txt | https://raw.githubusercontent.com/Stellarium/stellarium/master/po/stellarium-sky/ko.po | https://raw.githubusercontent.com/Stellarium/stellarium/master/skycultures/korean/index.json | https://astro.kasi.re.kr/kor/post/constellationLegend/71335,medium,false
97804,Pagru,,,,현대 식별: η Aql. 2026 ASE 승인 설명 확인; 자료의 V 약 3.49. HIP 교차표는 보조 출처이므로 병합 전 SIMBAD 재대조 권장. 고유명 적용 성분과 HIP 관측 레코드의 단위가 다를 수 있음. 확인한 한국어 통용 표기가 없어 name_ko를 비움.,https://ase.exopla.net/index.php/Pagru | https://raw.githubusercontent.com/cyschneck/iau-star-names/main/iau_proper_stars.csv,low,true
98036,Alshain,알샤인,좌장군(左將軍),,현대 식별: β Aql A. 유명 별 추가; 기준 목록 V=3.71. 고유명 적용 성분과 HIP 관측 레코드의 단위가 다를 수 있음. 한국어는 Stellarium 번역 용례이며 학회 표준 음역이라고 단정하지 않음. 전통 대응은 Stellarium korean 재구성에 한정; 성군 구성별 표시는 개별 고유명이 아님. 이 필드를 전통 성군의 유일 ID 또는 독점 검색 별칭으로 사용하지 않는다.,https://www.pas.rochester.edu/~emamajek/WGSN/IAU-CSN.txt | https://raw.githubusercontent.com/Stellarium/stellarium/master/po/stellarium-sky/ko.po | https://raw.githubusercontent.com/Stellarium/stellarium/master/skycultures/korean/index.json,medium,false
98337,Telum,,,,현대 식별: γ Sge. 2026 ASE 승인 설명 확인; 자료의 V 약 3.47. HIP 교차표는 보조 출처이므로 병합 전 SIMBAD 재대조 권장. 고유명 적용 성분과 HIP 관측 레코드의 단위가 다를 수 있음. 확인한 한국어 통용 표기가 없어 name_ko를 비움.,https://ase.exopla.net/index.php/Telum | https://raw.githubusercontent.com/cyschneck/iau-star-names/main/iau_proper_stars.csv,low,true
99473,Antinous,,,,현대 식별: θ Aql. 2026-02 IAU 공지에서 신규 이름·HIP 대조. 고유명 적용 성분과 HIP 관측 레코드의 단위가 다를 수 있음. 확인한 한국어 통용 표기가 없어 name_ko를 비움.,https://www.iau.org/IAU/IAU/News/Ann2026/New-Star-Names-2026.aspx,low,true
100345,Dabih,다비흐,,,현대 식별: β1 Cap Aa. 2022-04-04 IAU-CSN의 V=3.05 기준 밝은 별. 고유명 적용 성분과 HIP 관측 레코드의 단위가 다를 수 있음. 한국어는 Stellarium 번역 용례이며 학회 표준 음역이라고 단정하지 않음.,https://www.pas.rochester.edu/~emamajek/WGSN/IAU-CSN.txt | https://raw.githubusercontent.com/Stellarium/stellarium/master/po/stellarium-sky/ko.po,medium,false
100453,Sadr,사드르,,,백조자리 γ,IAU WGSN | https://www.pas.rochester.edu/~emamajek/WGSN/IAU-CSN.txt | https://raw.githubusercontent.com/Stellarium/stellarium/master/po/stellarium-sky/ko.po,medium,false
100751,Peacock,피콕,,,공작자리 α,IAU WGSN | https://www.pas.rochester.edu/~emamajek/WGSN/IAU-CSN.txt | https://raw.githubusercontent.com/Stellarium/stellarium/master/po/stellarium-sky/ko.po,medium,false
101421,Rotanev,로타네브,,,돌고래자리 β,IAU WGSN,high,true
101769,Sualocin,수알로킨,,,돌고래자리 α,IAU WGSN,high,true
102098,Deneb,데네브,,,백조자리 α,IAU WGSN | https://www.pas.rochester.edu/~emamajek/WGSN/IAU-CSN.txt | https://raw.githubusercontent.com/Stellarium/stellarium/master/po/stellarium-sky/ko.po,medium,false
102488,Aljanah,알자나,,알야나흐,백조자리 ε,IAU WGSN | https://www.pas.rochester.edu/~emamajek/WGSN/IAU-CSN.txt | https://raw.githubusercontent.com/Stellarium/stellarium/master/po/stellarium-sky/ko.po,medium,false
102618,Albali,,,,현대 식별: ε Aqr. 28수 기준성과의 교차참조를 위한 추가 항목. 고유명 적용 성분과 HIP 관측 레코드의 단위가 다를 수 있음. 확인한 한국어 통용 표기가 없어 name_ko를 비움.,https://www.pas.rochester.edu/~emamajek/WGSN/IAU-CSN.txt,low,true
104382,Polaris Australis,남쪽 폴라리스,,,현대 식별: σ Oct. 유명 별 추가; 기준 목록 V=5.45. 고유명 적용 성분과 HIP 관측 레코드의 단위가 다를 수 있음. 한국어는 Stellarium 번역 용례이며 학회 표준 음역이라고 단정하지 않음.,https://www.pas.rochester.edu/~emamajek/WGSN/IAU-CSN.txt | https://raw.githubusercontent.com/Stellarium/stellarium/master/po/stellarium-sky/ko.po,medium,false
105199,Alderamin,알데라민,,,세페우스자리 α,IAU WGSN | https://www.pas.rochester.edu/~emamajek/WGSN/IAU-CSN.txt | https://raw.githubusercontent.com/Stellarium/stellarium/master/po/stellarium-sky/ko.po,medium,false
106032,Alfirk,알피르크,,,세페우스자리 β,IAU WGSN | https://www.pas.rochester.edu/~emamajek/WGSN/IAU-CSN.txt | https://raw.githubusercontent.com/Stellarium/stellarium/master/po/stellarium-sky/ko.po,medium,false
106278,Sadalsuud,사달수드,,,물병자리 β,IAU WGSN | https://www.pas.rochester.edu/~emamajek/WGSN/IAU-CSN.txt | https://raw.githubusercontent.com/Stellarium/stellarium/master/po/stellarium-sky/ko.po,medium,false
107259,Garnet Star,,,,현대 식별: μ Cep. 2026-02 IAU 공지에서 신규 이름·HIP 대조. 고유명 적용 성분과 HIP 관측 레코드의 단위가 다를 수 있음. 확인한 한국어 통용 표기가 없어 name_ko를 비움. μ Cep의 공식 이름. 변광성 유명 추가항목; 단일 시점의 등급으로 누락하지 않음.,https://www.iau.org/IAU/IAU/News/Ann2026/New-Star-Names-2026.aspx,low,true
107315,Enif,에니프,,,페가수스자리 ε,IAU WGSN | https://www.pas.rochester.edu/~emamajek/WGSN/IAU-CSN.txt | https://raw.githubusercontent.com/Stellarium/stellarium/master/po/stellarium-sky/ko.po,medium,false
107556,Deneb Algedi,데네브 알게디,,,염소자리 δ,IAU WGSN | https://www.pas.rochester.edu/~emamajek/WGSN/IAU-CSN.txt | https://raw.githubusercontent.com/Stellarium/stellarium/master/po/stellarium-sky/ko.po,medium,false
108085,Aldhanab,알드하나브,,,현대 식별: γ Gru. 2022-04-04 IAU-CSN의 V=3.00 기준 밝은 별. 고유명 적용 성분과 HIP 관측 레코드의 단위가 다를 수 있음. 한국어는 Stellarium 번역 용례이며 학회 표준 음역이라고 단정하지 않음.,https://www.pas.rochester.edu/~emamajek/WGSN/IAU-CSN.txt | https://raw.githubusercontent.com/Stellarium/stellarium/master/po/stellarium-sky/ko.po,medium,false
109074,Sadalmelik,사달멜리크,,,물병자리 α,IAU WGSN | https://www.pas.rochester.edu/~emamajek/WGSN/IAU-CSN.txt | https://raw.githubusercontent.com/Stellarium/stellarium/master/po/stellarium-sky/ko.po,medium,false
109268,Alnair,알나이르,,,두루미자리 α,IAU WGSN | https://www.pas.rochester.edu/~emamajek/WGSN/IAU-CSN.txt | https://raw.githubusercontent.com/Stellarium/stellarium/master/po/stellarium-sky/ko.po,medium,false
109427,Biham,비함,,,현대 식별: θ Peg. 유명 별 추가; 기준 목록 V=3.52. 고유명 적용 성분과 HIP 관측 레코드의 단위가 다를 수 있음. 한국어는 Stellarium 번역 용례이며 학회 표준 음역이라고 단정하지 않음.,https://www.pas.rochester.edu/~emamajek/WGSN/IAU-CSN.txt | https://raw.githubusercontent.com/Stellarium/stellarium/master/po/stellarium-sky/ko.po,medium,false
110130,Lang-Exster,,,,현대 식별: α Tuc. 2026-02 IAU 공지에서 신규 이름·HIP 대조. 고유명 적용 성분과 HIP 관측 레코드의 단위가 다를 수 있음. 확인한 한국어 통용 표기가 없어 name_ko를 비움. 공지의 특수한 계/성분 명명 적용 범위를 원문과 함께 확인한 뒤 다중성 모델에 연결.,https://www.iau.org/IAU/IAU/News/Ann2026/New-Star-Names-2026.aspx,low,true
110960,Ancha,안카,,,물병자리 θ,IAU WGSN,high,true
111497,Skat,스카트,,,물병자리 δ,IAU WGSN,high,true
112029,Homam,호맘,,,현대 식별: ζ Peg A. 2022-04-04 IAU-CSN의 V=3.41 기준 밝은 별. 고유명 적용 성분과 HIP 관측 레코드의 단위가 다를 수 있음. 한국어는 Stellarium 번역 용례이며 학회 표준 음역이라고 단정하지 않음.,https://www.pas.rochester.edu/~emamajek/WGSN/IAU-CSN.txt | https://raw.githubusercontent.com/Stellarium/stellarium/master/po/stellarium-sky/ko.po,medium,false
112122,Tiaki,티아키,,,현대 식별: β Gru. 2022-04-04 IAU-CSN의 V=2.12 기준 밝은 별. 고유명 적용 성분과 HIP 관측 레코드의 단위가 다를 수 있음. 한국어는 Stellarium 번역 용례이며 학회 표준 음역이라고 단정하지 않음.,https://www.pas.rochester.edu/~emamajek/WGSN/IAU-CSN.txt | https://raw.githubusercontent.com/Stellarium/stellarium/master/po/stellarium-sky/ko.po,medium,false
112158,Matar,마타르,,,현대 식별: η Peg Aa. 2022-04-04 IAU-CSN의 V=2.93 기준 밝은 별. 고유명 적용 성분과 HIP 관측 레코드의 단위가 다를 수 있음. 한국어는 Stellarium 번역 용례이며 학회 표준 음역이라고 단정하지 않음.,https://www.pas.rochester.edu/~emamajek/WGSN/IAU-CSN.txt | https://raw.githubusercontent.com/Stellarium/stellarium/master/po/stellarium-sky/ko.po,medium,false
113136,Skat,스캇,,,현대 식별: δ Aqr A. 2022-04-04 IAU-CSN의 V=3.27 기준 밝은 별. 고유명 적용 성분과 HIP 관측 레코드의 단위가 다를 수 있음. 한국어는 Stellarium 번역 용례이며 학회 표준 음역이라고 단정하지 않음.,https://www.pas.rochester.edu/~emamajek/WGSN/IAU-CSN.txt | https://raw.githubusercontent.com/Stellarium/stellarium/master/po/stellarium-sky/ko.po,medium,false
113368,Fomalhaut,포말하우트,북락사문(北落師門),,남쪽물고기자리 α,IAU WGSN | https://www.pas.rochester.edu/~emamajek/WGSN/IAU-CSN.txt | https://raw.githubusercontent.com/Stellarium/stellarium/master/po/stellarium-sky/ko.po | https://raw.githubusercontent.com/Stellarium/stellarium/master/skycultures/korean/index.json,medium,false
113881,Scheat,셰아트,,쉬트,페가수스자리 β,IAU WGSN | https://www.pas.rochester.edu/~emamajek/WGSN/IAU-CSN.txt | https://raw.githubusercontent.com/Stellarium/stellarium/master/po/stellarium-sky/ko.po,medium,false
113963,Markab,마르카브,,,페가수스자리 α,IAU WGSN | https://www.pas.rochester.edu/~emamajek/WGSN/IAU-CSN.txt | https://raw.githubusercontent.com/Stellarium/stellarium/master/po/stellarium-sky/ko.po,medium,false
116727,Errai,엘라이,,,현대 식별: γ Cep Aa. 2022-04-04 IAU-CSN의 V=3.21 기준 밝은 별. 고유명 적용 성분과 HIP 관측 레코드의 단위가 다를 수 있음. 한국어는 Stellarium 번역 용례이며 학회 표준 음역이라고 단정하지 않음.,https://www.pas.rochester.edu/~emamajek/WGSN/IAU-CSN.txt | https://raw.githubusercontent.com/Stellarium/stellarium/master/po/stellarium-sky/ko.po,medium,false
