id,name_ko,origin,confidence,draft_written,publication_approved,review_note_count
sun,태양,inherited-80,high,true,false,0
moon,달,inherited-80,high,true,false,0
planet:mercury,수성,inherited-80,high,true,false,0
planet:venus,금성,inherited-80,high,true,false,0
planet:mars,화성,inherited-80,high,true,false,0
planet:jupiter,목성,inherited-80,high,true,false,0
planet:saturn,토성,inherited-80,high,true,false,0
planet:uranus,천왕성,inherited-80,high,true,false,0
planet:neptune,해왕성,inherited-80,high,true,false,0
star:HIP32349,시리우스,inherited-80,medium,true,false,2
star:HIP69673,아르크투루스,inherited-80,medium,true,false,1
star:HIP91262,베가,inherited-80,medium,true,false,1
star:HIP24608,카펠라,inherited-80,low,true,false,2
star:HIP24436,리겔,inherited-80,medium,true,false,1
star:HIP27989,베텔게우스,inherited-80,medium,true,false,3
star:HIP97649,알타이르,inherited-80,medium,true,false,1
star:HIP21421,알데바란,inherited-80,medium,true,false,1
star:HIP80763,안타레스,inherited-80,medium,true,false,2
star:HIP102098,데네브,inherited-80,medium,true,false,2
star:HIP11767,폴라리스,inherited-80,medium,true,false,2
dso:M45,플레이아데스성단,inherited-80,medium,true,false,3
dso:M44,프레세페성단,inherited-80,medium,true,false,3
dso:M42,오리온대성운,inherited-80,medium,true,false,5
dso:M31,안드로메다은하,inherited-80,low,true,false,4
dso:M13,헤르쿨레스 대성단,inherited-80,low,true,false,5
star:HIP95947,알비레오,inherited-80,medium,true,false,4
star:HIP65474,스피카,inherited-80,medium,true,false,4
star:HIP677,알페라츠,inherited-80,medium,true,false,3
dso:M57,고리성운,inherited-80,medium,true,false,4
dso:M27,아령성운,inherited-80,medium,true,false,3
dso:M35,M35,inherited-80,medium,true,false,3
dso:M37,M37,inherited-80,medium,true,false,4
dso:M81,보데은하,inherited-80,medium,true,false,4
dso:M82,시가은하,inherited-80,medium,true,false,4
dso:M3,M3,inherited-80,low,true,false,4
dso:M5,M5,inherited-80,medium,true,false,5
dso:M15,M15,inherited-80,low,true,false,4
dso:NGC869,이중성단(h),inherited-80,medium,true,false,4
dso:NGC884,이중성단(χ),inherited-80,medium,true,false,4
dso:M51,소용돌이은하,inherited-80,low,true,false,5
star:HIP30438,카노푸스,inherited-80,medium,true,false,4
star:HIP37279,프로키온,inherited-80,medium,true,false,3
star:HIP37826,폴룩스,inherited-80,medium,true,false,3
star:HIP113368,포말하우트,inherited-80,medium,true,false,5
star:HIP49669,레굴루스,inherited-80,medium,true,false,3
star:HIP36850,카스토르,inherited-80,medium,true,false,4
star:HIP65378,미자르,inherited-80,medium,true,false,3
star:HIP14576,알골,inherited-80,medium,true,false,4
star:HIP10826,미라,inherited-80,medium,true,false,5
star:HIP54061,두베,inherited-80,low,true,false,4
star:HIP67301,알카이드,inherited-80,medium,true,false,4
star:HIP26727,알니탁,inherited-80,medium,true,false,4
star:HIP26311,알닐람,inherited-80,medium,true,false,4
star:HIP25930,민타카,inherited-80,medium,true,false,3
star:HIP25336,벨라트릭스,inherited-80,medium,true,false,3
star:HIP9884,하말,inherited-80,medium,true,false,3
star:HIP72607,코카브,inherited-80,medium,true,false,4
const:Ari,양자리,inherited-80,medium,true,false,3
const:Tau,황소자리,inherited-80,medium,true,false,2
const:Gem,쌍둥이자리,inherited-80,medium,true,false,2
const:Cnc,게자리,inherited-80,medium,true,false,3
const:Leo,사자자리,inherited-80,medium,true,false,2
const:Vir,처녀자리,inherited-80,medium,true,false,2
const:Lib,천칭자리,inherited-80,medium,true,false,3
const:Sco,전갈자리,inherited-80,medium,true,false,3
const:Sgr,궁수자리,inherited-80,medium,true,false,3
const:Cap,염소자리,inherited-80,medium,true,false,3
const:Aqr,물병자리,inherited-80,medium,true,false,2
const:Psc,물고기자리,inherited-80,medium,true,false,3
const:Ori,오리온자리,inherited-80,medium,true,false,2
const:UMa,큰곰자리,inherited-80,medium,true,false,3
const:UMi,작은곰자리,inherited-80,medium,true,false,3
const:Cas,카시오페이아자리,inherited-80,medium,true,false,3
const:Cyg,백조자리,inherited-80,medium,true,false,2
const:Lyr,거문고자리,inherited-80,medium,true,false,2
const:Aql,독수리자리,inherited-80,medium,true,false,2
const:Peg,페가수스자리,inherited-80,medium,true,false,3
const:And,안드로메다자리,inherited-80,medium,true,false,3
const:Per,페르세우스자리,inherited-80,medium,true,false,3
const:Aur,마차부자리,inherited-80,medium,true,false,3
const:CMa,큰개자리,expansion-40-2,medium,true,false,3
const:CMi,작은개자리,expansion-40-2,medium,true,false,3
const:Her,허큘리스자리,expansion-40-2,medium,true,false,4
const:Boo,목동자리,expansion-40-2,medium,true,false,3
const:Dra,용자리,expansion-40-2,medium,true,false,4
const:Cet,고래자리,expansion-40-2,medium,true,false,4
const:Cru,남십자자리,expansion-40-2,low,true,false,5
dso:M32,M32,expansion-40-2,medium,true,false,5
dso:M110,M110,expansion-40-2,medium,true,false,5
dso:M33,삼각형자리은하,expansion-40-2,medium,true,false,4
dso:M43,드 메랑 성운,expansion-40-2,medium,true,false,4
dso:M92,M92,expansion-40-2,low,true,false,5
dso:M101,바람개비은하,expansion-40-2,medium,true,false,4
dso:M104,솜브레로은하,expansion-40-2,medium,true,false,5
dso:M8,라군성운,expansion-40-2,medium,true,false,4
dso:M20,삼렬성운,expansion-40-2,low,true,false,5
dso:M17,오메가성운,expansion-40-2,low,true,false,5
dso:M16,독수리성운,expansion-40-2,low,true,false,6
dso:M22,M22,expansion-40-2,low,true,false,5
dso:M11,야생오리성단,expansion-40-2,medium,true,false,4
dso:M6,나비성단,expansion-40-2,medium,true,false,5
dso:M7,프톨레마이오스성단,expansion-40-2,medium,true,false,5
dso:M36,M36,expansion-40-2,medium,true,false,5
dso:M38,M38,expansion-40-2,medium,true,false,4
dso:M41,M41,expansion-40-2,medium,true,false,5
dso:M46,M46,expansion-40-2,medium,true,false,7
dso:M47,M47,expansion-40-2,medium,true,false,5
dso:M67,M67,expansion-40-2,medium,true,false,4
dso:M2,M2,expansion-40-2,low,true,false,5
dso:M39,M39,expansion-40-2,medium,true,false,5
dso:M103,M103,expansion-40-2,medium,true,false,5
dso:M4,M4,expansion-40-2,medium,true,false,5
dso:M10,M10,expansion-40-2,low,true,false,6
dso:M12,M12,expansion-40-2,low,true,false,6
dso:M29,M29,expansion-40-2,medium,true,false,5
dso:M34,M34,expansion-40-2,medium,true,false,6
dso:M52,M52,expansion-40-2,medium,true,false,5
dso:M78,M78,expansion-40-2,medium,true,false,6
dso:NGC7000,북아메리카성운,expansion-40-2,low,true,false,5
dso:NGC457,ET성단,expansion-40-2,medium,true,false,5
dso:NGC7009,토성성운,final-1,low,true,false,6
